Taxon,IUCN categories,Median ED scores,ED SD,Rank ED,EDGE ISAAC scores,EDGE IUCN50 scores,Rank EDGE ISAAC,Rank EDGE IUCN50
Wollemia nobilis,CR,139.5857447,2.285191420149231e-13,3,7.718406307,4.908219862,2,1
Ginkgo biloba,EN,315.0,0.0,1,7.835183755,4.885072071,1,2
Araucaria angustifolia,CR,67.70773046,1.4282446375932694e-13,16,7.00245044,4.184741153,3,3
Agathis australis,NE,64.76396572,11.196566215264566,18,6.958660777,4.140290157,4,4
Acmopyle sahniana,CR,57.55501496,9.283590144356251e-14,26,6.842555461,4.022282065,5,5
Pherosphaera fitzgeraldii,CR,51.43903752,2.856489275186539e-14,35,6.732240027,3.909938162,6,6
Glyptostrobus pensilis,CR,35.16556136,5.712978550373078e-14,53,6.360696045,3.529608026,7,7
Microcycas calocoma,CR,30.81920631,4.2847339127798087e-14,66,6.232658802,3.39767887,9,8
Araucaria araucana,EN,67.70773046,1.4282446375932694e-13,17,6.309303259,3.347699793,8,9
Cephalotaxus alpina,NE,26.95161986,2.630793827286868,80,6.103063876,3.263584194,11,10
Cunninghamia konishii,EN,52.12485703,6.427100869169712e-14,32,6.052086478,3.08614137,13,11
Metasequoia glyptostroboides,EN,51.26385546,7.141223187966347e-14,37,6.035746574,3.069485364,14,12
Torreya taxifolia,CR,21.6257192,3.5706115939831735e-14,126,5.891675999,3.043424103,18,13
Agathis montana,CR,21.09252525,0.8299301102999358,131,5.86782805,3.018459517,19,14
Sequoia sempervirens,EN,47.80520296,2.1423669563899043e-14,42,5.967278467,2.999633914,15,15
Sequoiadendron giganteum,EN,47.80520296,2.1423669563899043e-14,43,5.967278467,2.999633914,16,16
Taxus floridana,CR,20.19501088,0.859463165505865,143,5.82635454,2.97497638,21,17
Prumnopitys standleyi,EN,46.23424018,12.354764895909634,45,5.934560599,2.966220085,17,18
Araucaria nemorosa,CR,18.29490197,1.4282446375932695e-14,159,5.732429637,2.876163233,22,19
Taxus florinii,NE,18.15391159,2.4242242138399823,161,5.725095678,2.868426845,23,20
Taxus calcicola,NE,17.71860387,2.355996729219603,165,5.702106611,2.844155946,24,21
Retrophyllum piresii,DD,15.32418537,2.1423669563899043e-14,191,5.565236495,2.698973116,29,22
Cedrus atlantica,EN,32.46187857,4.2847339127798087e-14,63,5.589848379,2.612565866,28,23
Picea austropanlanica,NE,13.66096235,7.961823906892828,202,5.457777061,2.584083094,32,24
Picea koyamae,CR,12.89032026,0.7949957103979064,211,5.403780936,2.526017455,35,25
Cephalotaxus hainanensis,EN,29.71823544,0.9950704463225527,70,5.504298008,2.524260278,30,26
Gnetum ridleyi,DD,12.79941835,4.441039558251705,215,5.397215165,2.518940521,36,27
Cycas hongheensis,CR,12.30154509,2.0674087905221423,223,5.360468923,2.479265664,37,28
Gnetum latispicum,NE,11.97422601,4.381185133285727,231,5.335553497,2.4522973,40,29
Pseudotsuga japonica,EN,26.97859871,3.213550434584856e-14,78,5.410881428,2.427543344,34,30
Gnetum giganteum,DD,11.21992144,4.427665281279792,250,5.275656247,2.387231691,44,31
Gnetum arboreum,DD,11.1371247,4.122935084225822,252,5.268857635,2.379824888,45,32
Gnetum interruptum,NE,11.01496408,4.246871491019726,255,5.258741602,2.368795512,46,33
Torreya jackii,EN,25.19011817,6.070039709771395e-14,90,5.344823712,2.358951214,39,34
Gnetum loerzingii,DD,10.8294968,3.7997241876483625,260,5.243184863,2.351814389,48,35
Araucaria muelleri,EN,24.666714,2.1423669563899043e-14,92,5.324636519,2.337954156,41,36
Podocarpus decumbens,CR,10.59730235,1.4887991416883284,264,5.223361237,2.330140266,51,37
Dioon stevensonii,NE,10.54540692,8.926528984957934e-15,265,5.218876411,2.325231195,53,38
Gnetum gracilipes,DD,10.54253442,4.504985118326676,267,5.21862758,2.324958764,54,39
Widdringtonia whytei,CR,10.11154262,2.1423669563899043e-14,286,5.180573166,2.283218397,59,40
Gnetum catasphaericum,DD,10.09497353,4.532992905647314,287,5.179080893,2.281578422,60,41
Agathis kinabaluensis,EN,22.95651648,14.680858964079642,103,5.255681915,2.266101271,47,42
Falcatifolium angustum,EN,22.32829196,4.54800750736837,113,5.229108413,2.238354004,50,43
Agathis orbicula,EN,22.14011031,14.240795329210973,115,5.221009031,2.229890342,52,44
Agathis borneensis,EN,22.02090734,1.2600360006635332,116,5.215844359,2.224491768,55,45
Dacrydium guillauminii,CR,9.441238026,0.6728695807186548,324,5.118351883,2.214627911,71,46
Amentotaxus assamica,EN,21.71779896,1.6867344220428055,120,5.202590254,2.210631585,56,47
Amentotaxus hatuyenensis,EN,21.68849675,1.6416883622562959,121,5.201299587,2.209281449,57,48
Araucaria humboldtensis,EN,21.67957443,2.4994281157882216e-14,123,5.200906256,2.208869979,58,49
Pinus squamata,CR,9.171411679,0.23490101425305493,333,5.092169731,2.185632012,72,50
Agathis ovata,EN,21.09252525,0.7028446546074679,132,5.174680869,2.181418156,61,51
Araucaria scopulorum,EN,20.99462735,1.7853057969915867e-14,134,5.170239754,2.176765997,62,52
Agathis macrophylla,EN,20.95474836,0.9715742778510044,135,5.168424984,2.174864705,63,53
Dioon spinulosum,EN,20.94408842,5.35591739097476e-14,137,5.167939325,2.174355863,64,54
Taxus wallichiana,EN,20.57761338,1.1380377343730197,138,5.151097901,2.156703188,65,55
Araucaria rulei,EN,20.41630035,3.5706115939831735e-14,140,5.143593872,2.148833051,66,56
Taxus chinensis,EN,20.26050888,0.7867637912230131,142,5.13629285,2.141173048,69,57
Taxus globosa,EN,20.19501088,1.24088333889044,144,5.13320736,2.13793502,70,58
Podocarpus tixieri,NE,8.678364762,4.945523115049998,361,5.04248168,2.130373912,76,59
Podocarpus thevetiifolius,NE,8.598800232,5.382908529420232,365,5.034226837,2.121163478,77,60
Podocarpus urbanii,CR,8.548791617,0.937196080340431,370,5.029003336,2.115330734,78,61
Podocarpus idenburgensis,NE,8.410962609,4.841145106675133,378,5.014463967,2.09907672,79,62
Zamia hymenophyllidia,CR,8.409419459,2.2364131852860467,379,5.01429998,2.098893234,80,63
Taxus contorta,EN,19.24049461,0.9551429696511323,148,5.087126823,2.089516585,73,64
Cycas chamaoensis,CR,8.253524722,0.6663348981144763,384,4.997593252,2.080181141,81,65
Widdringtonia wallichii,CR,8.210819453,1.606775217292428e-14,387,4.992967543,2.074993523,82,66
Araucaria luxurians,EN,18.92576097,4.6417950721781257e-14,152,5.071454957,2.073023441,74,67
Podocarpus perrieri,CR,8.161085633,5.3057207597901295,391,4.987553413,2.068917996,83,68
Podocarpus victorinianus,NE,8.158937335,5.690679282384777,392,4.987318883,2.068654724,84,69
Podocarpus neglectus,NE,8.130254841,4.538265684983472,394,4.984182329,2.065133061,85,70
Libocedrus chevalieri,CR,8.069375026,1.0711834781949522e-14,397,4.977492078,2.057616828,86,71
Dioon rzedowskii,EN,18.54585692,2.856489275186539e-14,154,5.052204883,2.05274585,75,72
Zamia spartea,CR,8.009631351,1.4430098192493088,401,4.970882877,2.050185529,87,73
Pinus parva,NE,7.7495779,8.39316061118175,421,4.941594181,2.01717917,89,74
Pinus ravii,NE,7.671786897,7.5818428699402896,426,4.932663593,2.007090353,91,75
Cycas debaoensis,CR,7.599766943,0.7854929912870982,430,4.924323825,1.997658374,93,76
Abies nebrodensis,CR,7.491032505,0.2799269858629033,450,4.911599329,1.983247432,95,77
Podocarpus palawanensis,CR,7.452348608,4.4418404106466625,453,4.907033067,1.978070025,96,78
Cycas tansachana,CR,7.443504324,0.6879023743901832,456,4.905986149,1.976882542,97,79
Pinus anemophila,NE,7.414762827,8.24942754172407,458,4.902576365,1.973013782,98,80
Podocarpus costaricensis,CR,7.331488408,0.6141200485027559,465,4.892630843,1.961719345,100,81
Chamaecyparis formosensis,EN,16.52089327,2.1423669563899043e-14,175,4.942835612,1.937125271,88,82
Podocarpus henkelii,EN,16.48695561,2.0783083399170694,177,4.940896751,1.935068931,90,83
Fitzroya cupressoides,EN,16.26120512,1.7853057969915867e-14,179,4.927903046,1.921281649,92,84
Encephalartos latifrons,CR,6.950607308,0.4590094085948622,504,4.845837039,1.908369831,103,85
Cycas sainathii,NE,6.949607873,2.2855210035874673,505,4.845711326,1.908226029,104,86
Cycas lacrimans,NE,6.927723807,2.2311587148057037,506,4.842954681,1.905072097,105,87
Cycas curranii,CR,6.867944389,0.4887154968361813,512,4.835385555,1.896405638,106,88
Encephalartos cupidus,CR,6.86412537,0.33672371761204023,515,4.834900047,1.895849419,107,89
Encephalartos middelburgensis,CR,6.86412537,0.4855224969990161,516,4.834900047,1.895849419,108,90
Zamia pygmaea,CR,6.843762141,0.8758978754285652,519,4.832307306,1.892878394,110,91
Cycas darshii,NE,6.828858432,2.07015421921065,520,4.830405427,1.890698312,111,92
Cycas wadei,CR,6.811802732,0.6495460829992946,522,4.828224483,1.888197596,113,93
Cupressus gigantea,NE,6.784696982,8.03387608646214e-15,527,4.824748603,1.884210425,114,94
Cycas terryana,NE,6.780673338,2.240945959396266,528,4.824231604,1.883617202,115,95
Cycas sundaica,NE,6.760173471,2.271068557168269,534,4.821593411,1.880589344,116,96
Cycas fugax,CR,6.737745048,0.5134341610778722,537,4.81869903,1.877266099,117,97
Cupressus duclouxiana,DD,6.727955315,0.0,541,4.817433037,1.875812074,118,98
Larix mastersiana,EN,15.49338106,2.334477896097,188,4.882400694,1.872912337,101,99
Cycas zambalensis,CR,6.705556267,2.2467099128749157,543,4.814530384,1.872477269,119,100
Cycas nitida,NE,6.677812022,0.6486922522944921,545,4.810923336,1.868331185,120,101
Cycas sancti-lasallei,NE,6.622042461,2.47118972619387,549,4.803633096,1.859944644,121,102
Cycas pachypoda,CR,6.616008937,2.2679325653492457,550,4.802841193,1.859033101,122,103
Picea neoveitchii,CR,6.556399797,0.24089463250035528,560,4.794983582,1.849982433,123,104
Cycas glauca,DD,6.539290373,1.9493705886468828,565,4.792716785,1.847369446,124,105
Retrophyllum minus,EN,14.99820603,2.1423669563899043e-14,194,4.851918135,1.840430028,102,106
Cycas cantafolia,NE,6.458719202,2.114379848757014,569,4.781972433,1.834971825,127,107
Cycas aenigma,NE,6.42405917,2.03359006518249,571,4.777314688,1.82959098,129,108
Encephalartos aemulans,CR,6.370868791,0.17744964681181677,574,4.770124304,1.821276641,131,109
Cycas montana,NE,6.367014711,2.201248085696409,576,4.769601287,1.820671504,132,110
Ephedra khurikensis,DD,6.365215326,2.817260317267127,577,4.769357008,1.820388854,133,111
Encephalartos cerinus,CR,6.353233168,0.329691643485069,578,4.767728826,1.818504636,134,112
Cycas szechuanensis,CR,6.274183013,0.5233320061955606,595,4.756920228,1.805984072,138,113
Ephedra pentandra,NE,6.268508505,2.7939141888150894,598,4.756139835,1.805079241,139,114
Zamia urep,CR,6.122745742,1.7805610341759504,618,4.735882011,1.781551439,140,115
Cycas annaikalensis,CR,6.055846147,0.4584279265411528,624,4.726445236,1.770564903,141,116
Cycas indica,NE,6.055846147,0.4666090904762727,625,4.726445236,1.770564903,142,117
Juniperus macrocarpa,NE,6.028440367,0.5628647179302798,626,4.72255355,1.766029124,143,118
Cycas hoabinhensis,EN,13.92046554,2.200679555843825,199,4.782175338,1.765859531,125,119
Pinus nelsonii,EN,13.8941391,0.7428303399725446,200,4.780409328,1.763966536,128,120
Ephedra vvedenskyi,NE,5.998233865,3.241603888795886,630,4.718246534,1.761005863,144,121
Zamia nesophila,NE,5.991132718,1.930675115052436,631,4.717231314,1.759821288,145,122
Zamia wallisii,CR,5.967561826,0.6081222242908983,636,4.713854076,1.755879232,146,123
Ephedra tilhoana,DD,5.96030774,2.7772291899795847,637,4.712812411,1.754662906,147,124
Cupressus pendula,DD,5.959450649,7.141223187966347e-15,638,4.712689264,1.754519096,148,125
Cupressus tonkinensis,NE,5.959450649,7.141223187966347e-15,639,4.712689264,1.754519096,149,126
Zamia inermis,CR,5.929245637,0.656954535043923,644,4.708339675,1.749437786,150,127
Ceratozamia kuesteriana,CR,5.924302292,0.23386281319636873,645,4.707626017,1.748603716,151,128
Zamia nana,NE,5.919373156,1.9412739477011178,646,4.706913903,1.74777135,152,129
Ceratozamia zaragozae,CR,5.881751839,0.3280700230237952,649,4.70146197,1.741395442,154,130
Podocarpus ramosii,DD,5.860598898,0.446182133523018,652,4.698383463,1.737792592,155,131
Zamia oligodonta,DD,5.816338675,1.9504833817802685,663,4.691911199,1.730211763,157,132
Podocarpus beecherae,NE,5.802558697,0.47485707792617393,664,4.689887543,1.727839767,158,133
Zamia disodon,CR,5.747216204,1.9849388688018674,667,4.681718728,1.718256392,160,134
Juniperus deltoides,NE,5.691793387,0.5301523158386272,674,4.67347063,1.708566173,161,135
Zamia stevensonii,NE,5.688603874,1.835509866650638,675,4.672993886,1.708005646,162,136
Cycas vespertilio,NE,5.650908128,0.32115697023516815,679,4.667342128,1.701357055,164,137
Zamia restrepoi,CR,5.648553986,0.6988305383313496,681,4.666988108,1.700940373,165,138
Parasitaxus ustus,VU,109.3352744,1.5710691013525964e-13,6,6.08981804,1.6986868,12,139
Cycas sphaerica,DD,5.624007687,0.37012610600158763,684,4.6632893,1.696585314,166,140
Zamia onan-reyesii,NE,5.616275911,1.6725670397259969,687,4.662121383,1.695209587,167,141
Zamia gentryi,CR,5.599886854,1.315009477686345,691,4.659641228,1.692287185,168,142
Zamia tolimensis,NE,5.574702627,2.16136359300543,696,4.655818071,1.687779768,169,143
Podocarpus annamiensis,NE,5.570404054,0.37877315327566663,697,4.655164053,1.687008385,171,144
Zamia montana,CR,5.570163809,1.8387046880607258,698,4.655127487,1.686965255,172,145
Zamia gomeziana,NE,5.569227166,1.8430064602454548,699,4.654984917,1.686797087,173,146
Zamia amplifolia,CR,5.55528305,1.7162787428566382,702,4.652860019,1.684290168,174,147
Zamia imperialis,NE,5.545411809,1.8695672049187202,704,4.651353039,1.682511677,176,148
Zamia macrochiera,CR,5.529725702,1.5761687910460394,710,4.648953659,1.679679005,177,149
Podocarpus subtropicalis,DD,5.526675814,0.2759039112707565,712,4.648486472,1.679127309,178,150
Zamia pyrophylla,NE,5.508083358,1.8840749524186828,714,4.64563372,1.675757507,180,151
Zamia grijalvensis,NE,5.4775577030000004,1.5509411650234626,721,4.640932264,1.670200119,181,152
Zamia meermanii,NE,5.474272758,1.6832964685078347,722,4.640425008,1.66960023,182,153
Gnetum oxycarpum,EN,12.63771082,4.8778092981715115,216,4.692280352,1.669184699,156,154
Zamia lindenii,NE,5.447446824,0.5186382678734279,733,4.636272933,1.664687819,185,155
Juniperus polycarpos,NE,5.427269506,0.4085007979989375,737,4.633138521,1.660976947,186,156
Zamia decumbens,NE,5.392715325,1.7401331428587792,743,4.627747834,1.654589821,188,157
Abies beshanzuensis,CR,5.364230349,0.1554683344030302,744,4.623282028,1.649293701,189,158
Abies jaliscana,NE,5.341416683,2.00185319433199,746,4.619690917,1.645031707,191,159
Ceratozamia fuscoviridis,CR,5.338279461,0.14722282302858328,747,4.619196075,1.644444195,192,160
Encephalartos heenanii,CR,5.307522668,0.225568492786989,751,4.614331718,1.638665978,194,161
Zamia lindleyi,NE,5.29929673,1.6452586793678527,753,4.613026719,1.637114912,195,162
Dioon caputoi,EN,12.14281633,2.4994281157882216e-14,226,4.655316864,1.629237179,170,163
Ceratozamia decumbens,NE,5.245542008,0.18660639211807284,755,4.604456653,1.626919367,197,164
Encephalartos brevifoliolatus,EW,5.218385746,0.12824640318084982,759,4.600099069,1.621728903,198,165
Zamia incognita,NE,5.214644473,1.6970338814476769,760,4.599497241,1.621011705,199,166
Thuja sutchuenensis,EN,12.03126205,0.0,229,4.646792785,1.620007865,179,167
Ephedra oxyphylla,NE,5.208747979,2.633082983820118,762,4.598547984,1.619880308,200,168
Ephedra holoptera,NE,5.204558466,2.881002151441944,764,4.597872981,1.619075662,201,169
Ceratozamia robusta,EN,11.94180417,1.429699464719556,232,4.639904247,1.612544632,183,170
Zamia hamannii,NE,5.162881185,1.4825474180189848,765,4.591133115,1.611035585,204,171
Juniperus zanonii,NE,5.161173054,1.4669532312477567,766,4.590855912,1.610704682,205,172
Picea aurantiaca,EN,11.89552009,7.818327631878199,234,4.636321513,1.608661299,184,173
Podocarpus aristulatus,NE,5.1160333,0.27042774464652647,768,4.583502455,1.601920185,206,174
Zamia vazquezii,CR,5.101902906,0.4259388976717414,769,4.581189397,1.599154381,209,175
Ceratozamia brevifrons,NE,5.088289876,1.9851742730683024,770,4.578955956,1.596482589,210,176
Ceratozamia santillanii,NE,5.080809684,2.0124273085859605,774,4.577726581,1.595011428,211,177
Podocarpus spathoides,DD,5.07838472,0.17222719972781103,775,4.577327712,1.594534035,212,178
Ceratozamia hondurensis,NE,5.071645096,2.090493328596471,776,4.576218311,1.593206034,214,179
Dioon califanoi,EN,11.70498673,1.4282446375932695e-14,237,4.621436114,1.5925144,190,180
Zamia monticola,CR,5.06533359,2.0655384556364287,777,4.575178266,1.59196079,217,181
Ephedra aurantiaca,NE,5.056858074,2.4879912131165636,779,4.573779918,1.590286149,219,182
Podocarpus capuronii,EN,11.62159124,1.3976318240536834,239,4.61485048,1.585364114,193,183
Juniperus poblana,NE,5.013424427,1.3976258600226232,785,4.566583097,1.581659992,220,184
Ephedra pseudodistachya,NE,4.981619543,2.6130769034730124,793,4.56128008,1.57529584,221,185
Ephedra sumlingensis,NE,4.9748139,2.9031803308008692,794,4.560141673,1.573928755,222,186
Ephedra glauca,NE,4.928026229,2.459560204020347,801,4.552280035,1.564479341,224,187
Abies flinckii,NE,4.897991844,0.052809918252804636,805,4.54720065,1.558366086,227,188
Ephedra trifurcata,DD,4.888988826,2.8249401657848328,807,4.545673029,1.556526291,228,189
Abies numidica,CR,4.860391938,0.10416836110169943,810,4.540805207,1.550659873,231,190
Podocarpus hispaniolensis,EN,11.22410877,1.3744235804015987,248,4.582851672,1.550563466,207,191
Dioon holmgrenii,EN,11.22131031,1.7853057969915867e-14,249,4.582622716,1.550314109,208,192
Picea retroflexa,EN,11.12410351,0.6240286099732515,253,4.574637038,1.541613674,218,193
Juniperus morrisonicola,NE,4.815401595,1.6564457417274767,819,4.533098568,1.541360239,233,194
Ephedra tweedieana,NE,4.799879872,0.17269754082652142,823,4.530425928,1.538131683,234,195
Ephedra gerardiana,NE,4.74711917,0.1684453244913722,832,4.521287438,1.527078736,235,196
Juniperus navicularis,NE,4.743907236,1.6038693895008023,834,4.520728404,1.5264019,236,197
Encephalartos inopinus,CR,4.728359786,0.12698161098191718,838,4.518017962,1.523119167,237,198
Encephalartos pterogonus,CR,4.716289828,0.14462391104440317,841,4.515908686,1.52056323,238,199
Ephedra brevifoliata,DD,4.695230632,2.7424501158869146,843,4.512217816,1.516088027,239,200
Encephalartos flavistrobilus,NE,4.687650395,1.6586927197103187,849,4.510885949,1.514472268,240,201
Ephedra botschantzevii,NE,4.665619524,2.646916149197568,852,4.507004971,1.509761421,243,202
Cycas multipinnata,EN,10.72515263,1.6213529094378436,261,4.541177873,1.505091128,230,203
Juniperus seravschanica,NE,4.640513271,1.3868704340911044,858,4.502563789,1.504365771,245,204
Podocarpus chingianus,DD,4.628546709,0.22894847177399597,860,4.500439998,1.501783726,246,205
Dioon sonorense,EN,10.66367042,5.355917390974761e-15,263,4.53592046,1.499342109,232,206
Juniperus tsukusiensis,NE,4.584360177,1.6581915509513059,862,4.492558587,1.492191341,249,207
Juniperus mucronata,NE,4.571769395,1.5215790939391072,866,4.490301391,1.489441099,250,208
Encephalartos munchii,CR,4.569125828,0.02193131691385357,867,4.489826821,1.488862694,252,209
Juniperus grandis,NE,4.565501529,1.6892973282418164,870,4.489175825,1.488069164,254,210
Encephalartos whitelockii,CR,4.499252784,0.12029799562234168,881,4.477200948,1.473452128,256,211
Taiwania cryptomerioides,VU,87.20464826,7.141223187966347e-14,9,5.865954024,1.472525362,20,212
Encephalartos woodii,EW,4.492113615,0.1311113778240145,884,4.475901897,1.471864122,257,213
Cycas changjiangensis,EN,10.33664862,1.286195966965633,276,4.50748226,1.468195131,242,214
Ceratozamia huastecorum,CR,4.441074294,0.053872987034022254,897,4.466565244,1.460437098,259,215
Ceratozamia zoquorum,CR,4.441074294,0.08843016234425488,898,4.466565244,1.460437098,260,216
Cupressus vietnamensis,EN,10.21048386,1.4282446375932695e-14,281,4.496290941,1.455914454,247,217
Dacrydium comosum,EN,10.18611179,0.8919541579305644,282,4.494114532,1.453524636,248,218
Dacrydium pectinatum,EN,10.00749019,0.8496701100393891,291,4.478017509,1.435833264,255,219
Encephalartos hirsutus,CR,4.322967913,0.0844885254241382,914,4.444619748,1.433482976,263,220
Juniperus mairei,NE,4.234417827,1.6264394522232088,930,4.427844353,1.412786644,265,221
Cycas taitungensis,EN,9.669014772,1.3328260124307625,314,4.446785266,1.401425852,262,222
Dacrydium nausoriense,EN,9.526954731,0.8116286765043901,319,4.433380627,1.386624553,264,223
Podocarpus forrestii,NE,4.119628131,0.17596334034461772,942,4.405670528,1.385303692,267,224
Encephalartos sclavoi,CR,4.109655111,0.06984420918324366,944,4.403720631,1.382879903,268,225
Nageia maxima,EN,9.381889359,1.2248425424914136,327,4.419504422,1.371280599,266,226
Ceratozamia euryphyllidia,CR,4.059107222,0.062169356112629796,949,4.393778752,1.370503846,269,227
Ephedra equisetina,NE,4.001769172,0.03637075804318457,958,4.382380406,1.356277349,270,228
Juniperus coxii,NE,3.952283008,0.20038929039586556,967,4.372437406,1.343834181,275,229
Ceratozamia chimalapensis,NE,3.942365556,0.0406570207565335,971,4.370432796,1.341321731,276,230
Ephedra procera,NE,3.888528172,0.038951789156062504,980,4.359479993,1.327571517,278,231
Ceratozamia miqueliana,CR,3.884589056,0.03701311370938172,982,4.358673881,1.326557994,279,232
Cycas lindstromii,EN,8.970437835,1.040762581914829,349,4.37906604,1.326433918,273,233
Calocedrus formosana,EN,8.941907206,0.0,350,4.376200416,1.323248333,274,234
Encephalartos dolomiticus,CR,3.833670389,0.02253883962319955,993,4.348194816,1.313363463,280,235
Encephalartos nubimontanus,EW,3.833670389,0.02253883962319955,994,4.348194816,1.313363463,281,236
Calocedrus rupestris,EN,8.821463206,1.4282446375932695e-14,355,4.364011656,1.309687185,277,237
Encephalartos equatorialis,CR,3.798040397,0.09876490650894865,996,4.340796306,1.304026041,282,238
Cathaya argyrophylla,VU,72.42971565,1.5710691013525964e-13,12,5.68262306,1.286884379,25,239
Callitris sulcata,EN,8.58794103,0.045240144968552845,368,4.339947708,1.282858446,283,240
Neocallitropsis pancheri,EN,8.58794103,0.045240144968552845,369,4.339947708,1.282858446,284,241
Juniperus saxicola,CR,3.714012276,0.16218193956263635,1003,4.323128131,1.281653561,285,242
Pinus torreyana,CR,3.694051746,0.04013438414941589,1006,4.318884843,1.276264682,286,243
Abies yuanbaoshanensis,CR,3.649190953,0.018903999999729585,1014,4.309281938,1.264046279,287,244
Cycas elongata,EN,8.262037235,0.8603535350053376,383,4.30536557,1.244170628,288,245
Podocarpus macrocarpus,EN,8.232070535,3.4460449474355084,386,4.302124892,1.240536999,289,246
Libocedrus yateensis,EN,8.197966026,1.0711834781949522e-14,389,4.298423917,1.23638551,290,247
Podocarpus longifoliolatus,EN,8.185850235,0.8605864628889344,390,4.297105824,1.234906515,291,248
Pseudolarix amabilis,VU,68.65156172,9.997712463152887e-14,13,5.629799483,1.233311607,26,249
Pseudotaxus chienii,VU,68.22530503,1.5710691013525964e-13,15,5.623660837,1.227083264,27,250
Zamia prasina,CR,3.506132572,0.1337460100079045,1033,4.278027985,1.224054391,292,251
Zamia purpurea,CR,3.506132572,0.13965343987671586,1034,4.278027985,1.224054391,293,252
Podocarpus buchii,EN,7.881116803,4.7879365978142925,409,4.263368857,1.196969052,294,253
Podocarpus decipiens,NE,3.404667566,0.08868422407773943,1037,4.255253511,1.194688096,297,254
Podocarpus degeneri,NE,3.389254732,0.07859913821948272,1040,4.25174817,1.190150847,298,255
Podocarpus pendulifolius,EN,7.826300477,5.094296982410594,412,4.257177496,1.18998935,295,256
Afrocarpus usambarensis,EN,7.821185916,1.2497140578941108e-14,415,4.25659786,1.189335627,296,257
Podocarpus globulus,EN,7.71691822,4.512501442413719,422,4.244707302,1.175914522,300,258
Podocarpus confertus,EN,7.666009523,3.8238782058597836,427,4.238849964,1.169295641,302,259
Macrozamia elegans,EN,7.601486059,0.3579476842074679,429,4.231376528,1.160843195,303,260
Podocarpus humbertii,EN,7.596118714,4.200671412759154,432,4.230752331,1.160136854,304,261
Encephalartos relictus,EW,3.288648508,0.04466364078760808,1049,4.228560372,1.160017485,305,262
Podocarpus purdieanus,EN,7.535044363,0.6802246830199098,446,4.223622096,1.152064152,307,263
Pinus culminicola,EN,7.473061505,0.09385456897411576,452,4.216333438,1.143804188,308,264
Encephalartos dyerianus,CR,3.197561008,0.029711914445509257,1065,4.207092366,1.131929127,309,265
Encephalartos msinganus,CR,3.186404364,0.04744898491469506,1067,4.204430941,1.128433915,310,266
Podocarpus sellowii,EN,7.335507584,0.5776887448937389,464,4.199965954,1.125226042,312,267
Encephalartos laevifolius,CR,3.171541875,0.06037947441089144,1070,4.200874444,1.123758658,311,268
Macrozamia spiralis,EN,7.253585652,0.2552595322668291,476,4.190089272,1.113995352,314,269
Juniperus cedrus,EN,7.242385478,0.8752816070365219,477,4.188731343,1.11245007,315,270
Zamia elegantissima,EN,7.1393635,0.95718747105893,487,4.176153525,1.098123059,318,271
Zamia dressleri,EN,7.028988153,1.0083669434154674,494,4.162500053,1.082542195,322,272
Prumnopitys ladei,VU,58.72119502,6.064761201188202,23,5.475981344,1.077068462,31,273
Cycas elephantipes,EN,6.9894891,0.7210580346217077,497,4.157568357,1.076906896,323,274
Juniperus bermudiana,CR,3.017964916,0.06632643616747613,1082,4.163364257,1.074123528,320,275
Pinus georginae,NE,3.015711668,0.012805116748356929,1084,4.162803306,1.073376637,321,276
Macrozamia flexuosa,EN,6.889731319,0.09876549428321833,507,4.145003623,1.062531521,326,277
Podocarpus sprucei,EN,6.880148473,0.43021122452911137,509,4.143788287,1.061139664,327,278
Zamia ipetiensis,EN,6.875648241,0.8662846822262682,510,4.143217039,1.060485361,328,279
Podocarpus transiens,EN,6.764676973,0.5125254735248453,531,4.129026397,1.044213943,331,280
Cycas javana,EN,6.744158523,2.4837482494444614,535,4.126380362,1.041176159,332,281
Pinus maximartinezii,EN,6.570463922,0.1562971006193227,554,4.103695892,1.015083874,333,282
Cycas hainanensis,EN,6.521274121,0.5232800402339295,567,4.097177096,1.007569206,334,283
Cycas candida,EN,6.482857166,2.274735524048517,568,4.092056235,1.001660766,335,284
Zamia variegata,EN,6.417120497,0.9259259853077202,572,4.08323245,0.991468929,337,285
Ceratozamia mixeorum,EN,6.395945748,0.38049298270278253,573,4.08037352,0.988163745,338,286
Podocarpus polyspermus,EN,6.345207623,0.3617709118282963,580,4.073489618,0.980199255,339,287
Cycas taiwaniana,EN,6.274183013,0.3963634031796001,596,4.063773048,0.968942712,340,288
Picea omorika,EN,6.269995192,0.1342942018303511,597,4.063197172,0.96827502,341,289
Macrozamia plurinervia,EN,6.221925185,0.011826026522373629,606,4.056563105,0.960578806,342,290
Cycas circinalis,EN,6.214081876,0.4498178178798141,608,4.055476474,0.959317419,344,291
Stangeria eriopus,VU,52.05838284,4.2847339127798087e-14,34,5.357687231,0.956633562,38,292
Cupressus dupreziana,EN,6.181261815,8.03387608646214e-15,609,4.05091665,0.95402186,345,293
Cycas riuminiana,EN,6.136062773,0.46647291156942233,617,4.044602734,0.946682727,348,294
Picea chihuahuana,EN,6.075103452,0.042771120137853155,620,4.036023607,0.936698451,349,295
Zamia portoricensis,EN,5.95053748,0.7497143852333773,641,4.018260534,0.915980981,352,296
Encephalartos arenarius,EN,5.945131791,0.3107139884063875,642,4.017482494,0.915072131,353,297
Araucaria heterophylla,VU,49.5015585,1.4282446375932695e-14,40,5.308298558,0.90627188,42,298
Encephalartos horridus,EN,5.890056291,0.23175874556930387,647,4.009520797,0.905764987,355,299
Cycas micronesica,EN,5.835655333,0.4816268535074685,658,4.001593886,0.896486002,356,300
Prumnopitys andina,VU,49.01655536,4.669131978773578,41,5.298648419,0.896425832,43,301
Encephalartos delucanus,EN,5.747684446,0.12831148221332925,666,3.988640943,0.881296501,358,302
Picea martinezii,EN,5.708186752,0.11934853910213297,673,3.982770225,0.874400849,360,303
Zamia fischeri,EN,5.659497014,0.6899704984055698,676,3.9754855,0.865834454,363,304
Cycas beddomei,EN,5.624007687,0.43201039679549447,685,3.970142119,0.859543954,366,305
Picea maximowiczii,EN,5.60222413,0.09821457099835368,689,3.966848123,0.855663117,367,306
Podocarpus rostratus,EN,5.599265973,0.4110689578283559,692,3.966399968,0.855134945,368,307
Abies fanjingshanensis,EN,5.539912857,0.057525482488495934,705,3.957365382,0.844478203,370,308
Zamia skinneri,EN,5.495064692,0.6006470762703572,717,3.950484152,0.836349793,371,309
Ceratozamia norstogii,EN,5.465160305,0.21345849378910237,725,3.945869349,0.830892887,372,310
Macrozamia pauli-guilielmi,EN,5.4481585,0.19601763931093494,731,3.943236128,0.827777094,376,311
Zamia melanorrhachis,EN,5.427872167,1.6797917675604241,736,3.940085102,0.824046623,377,312
Podocarpus nakaii,EN,5.394545131,0.3654561306398918,742,3.934886845,0.817887714,378,313
Zamia lucayana,EN,5.316991689,1.7179760896754985,749,3.922684638,0.803407104,379,314
Ceratozamia morettii,EN,5.245542008,0.17316339565602673,756,3.911309472,0.789878007,380,315
Juniperus jaliscana,EN,5.207847896,1.3598724578325858,763,3.905255823,0.782666131,381,316
Macrozamia lomandroides,EN,5.030395685,0.04649811029865072,782,3.87625417,0.747998078,385,317
Ceratozamia mirandae,EN,4.969081354,0.1559797075585512,795,3.86603458,0.735734417,387,318
Athrotaxis cupressoides,VU,41.56973499,2.856489275186539e-14,47,5.137437916,0.731640105,67,319
Athrotaxis selaginoides,VU,41.56973499,2.856489275186539e-14,48,5.137437916,0.731640105,68,320
Abies pinsapo,EN,4.943839938,0.09173374096200297,797,3.86179692,0.730641777,389,321
Ceratozamia alvarezii,EN,4.910476305,0.07909828060368138,803,3.856167963,0.723870377,393,322
Ceratozamia matudae,EN,4.910476305,0.14551628007779568,804,3.856167963,0.723870377,394,323
Ceratozamia sabatoi,EN,4.892743794,0.12816735833317688,806,3.85316327,0.720252681,395,324
Pinus palustris,EN,4.821477212,0.014759866609606698,817,3.840995588,0.705579789,397,325
Ceratozamia latifolia,EN,4.781262294,0.0733578354031571,827,3.83406359,0.697204022,399,326
Encephalartos lebomboensis,EN,4.719517438,0.12458945902643599,839,3.82332598,0.684205989,403,327
Pinus wangii,EN,4.695062166,0.026037655043287217,844,3.819041054,0.679010786,408,328
Cupressus goveniana,EN,4.692392777,8.926528984957934e-16,846,3.818572225,0.678442072,409,329
Cupressus guadalupensis,EN,4.580068277,0.0,863,3.798642554,0.654213338,412,330
Encephalartos concinnus,EN,4.569125828,0.07175465958754504,868,3.79667964,0.651821334,413,331
Cycas platyphylla,EN,4.56753521,0.22985288263684797,869,3.796393986,0.65147315,414,332
Ceratozamia hildae,EN,4.492840794,0.06802690662673902,883,3.782887112,0.634984628,419,333
Abies guatemalensis,EN,4.457813927,0.038613414191997215,890,3.776489872,0.627157927,421,334
Abies hickelii,EN,4.457813927,0.05159070743791151,891,3.776489872,0.627157927,422,335
Abies ziyuanensis,EN,4.456662801,0.11649996004157838,892,3.776278936,0.626899667,424,336
Encephalartos macrostrobilus,EN,4.453172746,0.03604967289497115,894,3.775639136,0.626116251,425,337
Abies fraseri,EN,4.438146386,0.11640293716409915,899,3.772879807,0.622736241,426,338
Podocarpus costalis,EN,4.285984814,0.1714493129257446,920,3.744500485,0.587849786,429,339
Pinus albicaulis,EN,4.282335766,0.046631227677398676,922,3.743809922,0.586998033,430,340
Abies koreana,EN,4.263102953,0.056606324887245686,927,3.74016231,0.58249672,431,341
Podocarpus laubenfelsii,EN,4.119628131,0.15990706607338448,943,3.712523347,0.548262332,437,342
Encephalartos kisambo,EN,4.109655111,0.02148575778200439,945,3.710573451,0.545838543,438,343
Pinus amamiana,EN,4.073698432,0.08582670010806367,947,3.703511567,0.537050725,439,344
Ceratozamia whitelockiana,EN,4.059107222,0.062169356112629796,950,3.700631571,0.533462486,441,345
Pinus radiata,EN,3.976051095,0.021841827670365157,962,3.684078165,0.512788572,444,346
Prumnopitys montana,VU,33.22044286,1.9634448755590694,58,4.919117571,0.507433162,94,347
Encephalartos eugene-maraisii,EN,3.949730389,0.05309846083851957,970,3.67877465,0.506146753,445,348
Ceratozamia becerrae,EN,3.884589056,0.03704122590800037,983,3.6655267,0.489516633,446,349
Cedrus libani,VU,32.46187857,4.2847339127798087e-14,64,4.896701199,0.48433416,99,350
Zamia cremnophila,EN,3.849191156,0.21238234039472495,990,3.658253461,0.480362469,447,351
Encephalartos umbeluziensis,EN,3.840717519,0.08452575500613975,991,3.656504499,0.478158635,448,352
Zamia verschaffeltii,EN,3.760209174,0.21138073677967248,999,3.639733153,0.45697402,450,353
Encephalartos chimanimaniensis,EN,3.711414564,0.08172509395073893,1004,3.629429737,0.44391252,452,354
Cephalotaxus oliveri,VU,30.4160366,1.04187109145233,68,4.833612843,0.419237716,109,355
Zamia furfuracea,EN,3.582827322,0.15618841549347376,1021,3.601757669,0.408651676,456,356
Zamia lacandona,EN,3.572644572,0.12851337174578284,1023,3.59953326,0.40580553,457,357
Macrozamia viridis,EN,3.512109023,0.049711094720948354,1030,3.586206218,0.388716151,462,358
Pseudotsuga sinensis,VU,28.55419405,2.4994281157882216e-14,71,4.772520026,0.356071554,130,359
Cephalotaxus griffithii,VU,28.31999594,0.9430465979443664,74,4.7645641,0.347835852,136,360
Juniperus standleyi,EN,3.307975163,0.10266524049537343,1047,3.539909536,0.328835701,473,361
Macrozamia cranei,EN,3.283388238,0.01644990204515907,1050,3.534185882,0.321375321,476,362
Juniperus gamboana,EN,3.273007962,0.1201231899415897,1051,3.531759562,0.31820886,477,363
Keteleeria evelyniana,VU,26.07377789,6.427100869169712e-14,83,4.684860015,0.265197857,159,364
Pinus occidentalis,EN,3.095051599,0.02242112792977017,1077,3.489220859,0.26230401,494,365
Amentotaxus formosana,VU,25.75084484,1.900055535161935,88,4.672860417,0.252735162,163,366
Juniperus gracilior,EN,3.017964916,0.06580695266108144,1083,3.470217076,0.237082168,496,367
Araucaria biramulata,VU,24.666714,2.1423669563899043e-14,93,4.631489338,0.20972245,187,368
Juniperus saltillensis,EN,2.922131229,0.07298421610424055,1086,3.446076729,0.204812655,501,369
Amentotaxus poilanei,VU,24.14938484,1.6075297410995573,95,4.611127798,0.188526634,196,370
Agathis lenticula,VU,23.70635636,0.7804870063311703,96,4.593354914,0.170010939,202,371
Fokienia hodginsii,VU,23.69864861,3.570611593983174e-15,97,4.593042891,0.169685752,203,372
Torreya fargesii,VU,23.31276937,4.2847339127798087e-14,98,4.577296062,0.153268979,213,373
Agathis flavescens,VU,23.26230645,13.113152627584448,99,4.575218332,0.151102028,216,374
Amentotaxus yunnanensis,VU,22.74703284,0.7671572419524266,104,4.553751951,0.128702439,223,375
Araucaria bernieri,VU,22.69544076,5.35591739097476e-14,108,4.551577018,0.126431783,225,376
Araucaria schmidii,VU,22.68161231,1.0711834781949522e-14,109,4.550993256,0.125822292,226,377
Juniperus comitana,EN,2.683979699,0.04335900984535843,1089,3.383435149,0.119800088,515,378
Torreya californica,VU,22.4661287,0.0,112,4.541852411,0.11627651,229,379
Agathis lanceolata,VU,21.68332575,1.0120271612288294,122,4.507924467,0.080811293,241,380
Agathis dammara,VU,21.63498838,0.8873668757913097,124,4.505791229,0.078579563,244,381
Agathis moorei,VU,21.27855975,0.8947017347104569,128,4.489919131,0.061967708,251,382
Araucaria montana,VU,21.27525068,2.856489275186539e-14,129,4.489770588,0.061812184,253,383
Taxus mairei,VU,20.57761338,1.1169549602580768,139,4.457950721,0.028471482,261,384
Sciadopitys verticillata,NT,223.5839219,3.7134360577425005e-13,2,6.107396635,-0.111674085,10,385
Podocarpus salignus,VU,16.55319406,2.6834991298146043,174,4.251530292,-0.189153196,299,386
Picea asperata,VU,15.63323226,1.1252177677177293,183,4.197696999,-0.246333352,313,387
Retrophyllum rospigliosii,VU,15.32418537,2.1423669563899043e-14,192,4.178942134,-0.26629995,317,388
Picea breweriana,VU,15.22698818,1.401347146460893,193,4.172970154,-0.272662882,319,389
Cycas pectinata,VU,13.4426432,2.147624302774382,207,4.056479525,-0.397300291,343,390
Dioon argenteum,VU,12.49512633,1.0711834781949522e-14,221,3.988622969,-0.470393599,359,391
Thuja koraiensis,VU,12.30011339,1.7853057969915867e-14,224,3.974066922,-0.486123793,364,392
Podocarpus matudae,VU,11.89782483,1.4072034039509045,233,3.94335304,-0.519376678,375,393
Dioon angustifolium,VU,11.41495198,1.7853057969915867e-14,243,3.905195912,-0.5608082,382,394
Cycas panzhihuaensis,VU,11.28158104,1.596735271593227,246,3.894395025,-0.572560874,383,395
Gnetum globosum,VU,10.98355061,4.573010361904451,256,3.869829288,-0.599333519,386,396
Pinus krempfii,VU,10.93406116,0.6953542996060122,257,3.865690955,-0.60384948,388,397
Gnetum acutum,VU,10.83687995,3.962087210926769,259,3.857514438,-0.612777146,392,398
Gnetum contractum,VU,10.71001867,3.7291853104679986,262,3.846739133,-0.624552646,396,399
Dioon tomasellii,VU,10.54540692,8.926528984957934e-15,266,3.83258205,-0.640041871,400,400
Cycas segmentifida,VU,10.50989899,1.3078171980703373,268,3.829501808,-0.6434147,402,401
Dioon merolae,VU,10.39799681,1.2497140578941108e-14,269,3.819731983,-0.6541191,406,402
Dioon purpusii,VU,10.39799681,1.2497140578941108e-14,270,3.819731983,-0.6541191,407,403
Encephalartos altensteinii,VU,10.37590337,0.7163838836922478,271,3.81779174,-0.656246139,410,404
Tsuga forrestii,VU,10.31579197,2.856489275186539e-14,277,3.812493631,-0.662056352,411,405
Cycas macrocarpa,VU,10.05157372,1.5171720281387862,288,3.788867197,-0.688003062,416,406
Pilgerodendron uviferum,VU,10.01441153,3.570611593983174e-15,289,3.785498916,-0.691707065,418,407
Pinus rzedowskii,VU,9.914593047,0.2737089136727174,300,3.776395067,-0.701724557,423,408
Cycas megacarpa,VU,9.688984753,1.3814097721303713,312,3.75550811,-0.724742626,428,409
Pinus tropicalis,VU,9.348984723,0.5024595486903181,328,3.723182782,-0.760464522,434,410
Afrocarpus mannii,VU,9.281163916,1.2497140578941108e-14,330,3.716607836,-0.767745313,436,411
Saxegothaea conspicua,NT,115.4698635,5.712978550373078e-14,5,5.450779738,-0.772451344,33,412
Nageia motleyi,VU,9.132291712,0.37823128740953194,335,3.702021884,-0.783915601,440,413
Dacrydium leptophyllum,VU,9.030500908,3.808590663672484,344,3.691924903,-0.795124436,442,414
Dacrydium medium,VU,9.026210914,3.161430729944759,345,3.691497116,-0.795599605,443,415
Cycas pranburiensis,VU,8.594465147,0.8118919160119068,366,3.647480746,-0.844613865,449,416
Cycas zeylanica,VU,8.344013191,0.8390747616358155,380,3.621030199,-0.874187975,453,417
Pinus tecunumanii,VU,8.084864577,0.5095451565401999,395,3.592904157,-0.905738531,458,418
Zamia standleyi,VU,8.0166981,1.3696182922108078,400,3.585372564,-0.914205645,463,419
Podocarpus ridleyi,VU,7.938885331,4.16097072441922,403,3.576705259,-0.923959395,464,420
Cycas collina,VU,7.909523005,0.8887055466517249,406,3.573415066,-0.927664796,465,421
Cycas diannanensis,VU,7.826305523,0.8257895520508908,410,3.564030888,-0.938241711,467,422
Cycas guizhouensis,VU,7.826305523,0.8004359083153073,411,3.564030888,-0.938241711,468,423
Zamia cunaria,VU,7.709693432,1.0212130749423536,423,3.550730954,-0.953253849,470,424
Callitris oblonga,VU,7.60790046,2.297850354064,428,3.538974801,-0.966545032,474,425
Cycas aculeata,VU,7.578632106,0.8206720886242471,433,3.535568834,-0.970399551,475,426
Cycas bifida,VU,7.538407818,0.6580308546396233,443,3.530868913,-0.975721279,478,427
Podocarpus polystachyus,VU,7.536027327,0.7858580836899771,444,3.530590076,-0.97603711,479,428
Austrotaxus spicata,NT,93.58014287,8.569467825559617e-14,8,5.242594728,-0.982642706,49,429
Cycas nongnoochiae,VU,7.370719112,0.6789549762958411,459,3.511034157,-0.998216999,485,430
Cycas condaoensis,VU,7.363560404,0.6965805785948861,462,3.510178583,-0.999188707,486,431
Cupressus chengiana,VU,7.307321649,6.248570289470554e-15,467,3.503431613,-1.006855462,487,432
Callitris monticola,VU,7.297769968,0.2383709311845288,468,3.502281161,-1.008163456,488,433
Cycas falcata,VU,7.284792972,2.0484942522639633,470,3.500716023,-1.009943253,489,434
Cycas siamensis,VU,7.277600124,0.5786715213327128,471,3.499847447,-1.010931119,490,435
Encephalartos princeps,VU,7.277051501,0.3207872870345368,473,3.499781167,-1.011006507,491,436
Cycas inermis,VU,7.276267291,1.950400636969481,474,3.499686418,-1.011114278,492,437
Zamia soconuscensis,VU,7.273334738,1.369517990294802,475,3.499332022,-1.011517389,493,438
Zamia acuminata,VU,7.153340919,1.0970469278642287,485,3.484722133,-1.028152765,495,439
Cycas shanyaensis,VU,6.990289325,2.302064084483087,496,3.464521331,-1.051210327,497,440
Cycas micholitzii,VU,6.867944389,0.5607892070321207,513,3.449091194,-1.068867428,498,441
Picea brachytyla,VU,6.865272618,0.1694456604169192,514,3.448751559,-1.069256524,499,442
Podocarpus archboldii,VU,6.850213898,0.55649881915234,518,3.446835141,-1.071452396,500,443
Zamia neurophyllidia,VU,6.820914897,0.8859526642216999,521,3.443095903,-1.075738662,502,444
Cycas cupida,VU,6.77100675,2.4638337027824497,530,3.436694086,-1.08308249,504,445
Cycas tuckeri,VU,6.734984942,2.243120067797305,538,3.432047898,-1.088416699,505,446
Cycas nathorstii,VU,6.730050094,2.455173101246194,539,3.431409704,-1.089149687,506,447
Encephalartos paucidentatus,VU,6.709648221,0.25757274129068863,542,3.428766921,-1.09218575,507,448
Cycas desolata,VU,6.677583964,2.3860669671390404,547,3.424599271,-1.096976033,508,449
Picea farreri,VU,6.629759236,0.2098822118789594,548,3.418350651,-1.104163784,509,450
Encephalartos gratus,VU,6.569351876,0.1528768306576164,556,3.410401807,-1.113317095,510,451
Zamia erosa,VU,6.560674931,0.8845054087293349,559,3.409254824,-1.11463879,511,452
Cycas saxatilis,VU,6.550728341,2.3044485323260586,561,3.407938389,-1.116156033,512,453
Cycas seemannii,VU,6.347705255,0.561218944032326,579,3.380682415,-1.147638903,516,454
Picea likiangensis,VU,6.311731736,0.2132106919890314,591,3.375774506,-1.153322192,519,455
Cycas armstrongii,VU,6.247424218,0.6103450809960049,603,3.366940487,-1.16356302,521,456
Cupressus bakeri,VU,6.172907777,1.2497140578941108e-14,613,3.356605481,-1.17556227,522,457
Pinus merkusii,VU,6.162000556,0.14083054767203995,614,3.35508371,-1.177330783,523,458
Picea morrisonicola,VU,6.15652313,0.1637247637350955,616,3.354318628,-1.178220082,524,459
Zamia encephalartoides,VU,5.95360667,0.6623014861981392,640,3.325554831,-1.211735075,528,460
Encephalartos trispinosus,VU,5.890056291,0.2080230522805331,648,3.316373616,-1.222466719,531,461
Ceratozamia microstrobila,VU,5.881751839,0.2694221477510654,650,3.315167608,-1.223877624,532,462
Abies squamata,VU,5.739409683,0.13894251584032305,669,3.294266698,-1.248375911,536,463
Zamia stricta,VU,5.719640435,2.172864024721999,672,3.291329008,-1.251826331,537,464
Zamia oreillyi,VU,5.520158383,1.756052835811585,713,3.261193029,-1.287325721,538,465
Podocarpus fasciculus,VU,5.501211557,0.34165198061844093,716,3.258282914,-1.290763922,540,466
Abies hidalgensis,VU,5.308314272,0.14111620940647698,750,3.22816285,-1.326457952,545,467
Encephalartos senticosus,VU,5.307522668,0.20622886494168502,752,3.228037356,-1.326607088,546,468
Zamia angustifolia,VU,5.23741328,0.43171827023115134,758,3.216859919,-1.339904546,549,469
Podocarpus rusbyi,VU,5.153589357,0.23362483906476686,767,3.203329908,-1.356038839,550,470
Pinus muricata,VU,5.013964262,0.1901671618048231,784,3.180378503,-1.383505401,553,471
Podocarpus angustifolius,VU,4.9963253,0.22389897371998213,787,3.177441193,-1.387029571,555,472
Macrozamia parcifolia,VU,4.990435847,0.14916167281149462,789,3.176458533,-1.388209024,557,473
Podocarpus gibbsiae,VU,4.98947122,0.24937792533229217,791,3.176297492,-1.388402337,558,474
Pinus greggii,VU,4.93983021,0.11523070491237304,799,3.16797491,-1.398401313,560,475
Araucaria hunsteinii,NT,61.53325096,5.712978550373078e-14,21,4.828845611,-1.401883223,112,476
Macrozamia secunda,VU,4.868524678,1.1127920468137464,809,3.155897631,-1.412941323,564,477
Ceratozamia vovidesii,VU,4.854341154,0.17364065017522806,813,3.153477825,-1.415858886,565,478
Picea polita,VU,4.811896752,0.04858930515507521,820,3.146201342,-1.424640932,566,479
Abies recurvata,VU,4.803402357,0.034180943311789315,822,3.14473872,-1.426407782,567,480
Ceratozamia mexicana,VU,4.781262294,0.12719635055824446,828,3.14091641,-1.431027684,568,481
Cupressus macrocarpa,VU,4.775680277,7.141223187966347e-15,829,3.139950407,-1.432195843,569,482
Cupressus sargentii,VU,4.775680277,7.141223187966347e-15,830,3.139950407,-1.432195843,570,483
Juniperus brevifolia,VU,4.711671366,1.4424850739974922,842,3.128806051,-1.445689574,571,484
Halocarpus kirkii,NT,58.67596442,1.214007941954279e-13,24,4.782076514,-1.44943074,126,485
Macrozamia platyrhachis,VU,4.670783548,0.06697032364111893,850,3.121621661,-1.454405433,573,486
Cycas silvestris,VU,4.645803717,0.2187871966234204,854,3.117206925,-1.459767888,576,487
Cycas ophiolitica,VU,4.637655201,0.1743473294371423,859,3.115762596,-1.46152338,577,488
Acmopyle pancheri,NT,57.55501496,9.283590144356251e-14,27,4.76311392,-1.468719646,137,489
Zamia herrerae,VU,4.49926133,0.37591380498694044,880,3.090908141,-1.491819039,583,490
Cycas cairnsiana,VU,4.46313771,0.19147371397107316,888,3.084317658,-1.499880232,584,491
Cycas semota,VU,4.46313771,0.1409827002897286,889,3.084317658,-1.499880232,585,492
Macrozamia crassifolia,VU,4.346784905,0.036017725507616456,909,3.062789789,-1.526295804,589,493
Encephalartos barteri,VU,4.322967913,0.020125982591776417,915,3.058325387,-1.53179009,590,494
Juniperus tibetica,VU,4.241735716,0.2645939042038365,929,3.042947048,-1.550759721,592,495
Pherosphaera hookeriana,NT,51.43903752,2.856489275186539e-14,36,4.652798485,-1.581063549,175,496
Macrozamia humilis,VU,4.055106023,0.00851284883906984,951,3.006693187,-1.59575544,600,497
Encephalartos aplanatus,VU,3.900555019,0.0549567292564411,978,2.975642829,-1.634613418,607,498
Encephalartos ngoyanus,VU,3.840717519,0.01923837660775183,992,2.963357319,-1.650073071,611,499
Abies fabri,VU,3.808450341,0.03664684066954635,995,2.956669219,-1.658509902,616,500
Prumnopitys harmsiana,NT,47.55660671,11.981482105350873,44,4.575877447,-1.659540196,215,501
Juniperus barbadensis,VU,3.774735271,0.1712496461657946,998,2.949632893,-1.66740202,617,502
Podocarpus lophatus,VU,3.657480709,0.12646912294189908,1012,2.924769043,-1.698957694,624,503
Encephalartos manikensis,VU,3.610369139,0.09205725249574115,1016,2.914602288,-1.711922252,627,504
Podocarpus pallidus,VU,3.604417066,0.10289005784384374,1018,2.913310436,-1.713572217,629,505
Macrozamia conferta,VU,3.507035683,0.03169114072136451,1031,2.891934022,-1.740961128,631,506
Macrozamia machinii,VU,3.507035683,0.03169114072136451,1032,2.891934022,-1.740961128,632,507
Cryptomeria japonica,NT,42.59174936,7.855345506762982e-14,46,4.468015078,-1.76980036,258,508
Encephalartos ghellinckii,VU,3.385170375,0.03328268790231234,1042,2.86452284,-1.776328036,641,509
Macrozamia cardiacensis,VU,3.333256905,0.02076919325746439,1044,2.852613792,-1.791782398,647,510
Macrozamia occidua,VU,3.30237969,0.014759017940399908,1048,2.845462647,-1.801088947,649,511
Encephalartos marunguensis,VU,3.197561008,0.027268444818510883,1066,2.820798005,-1.833343939,657,512
Encephalartos humilis,VU,3.171541875,0.037188875350512594,1071,2.814580083,-1.841514408,660,513
Encephalartos schaijesii,VU,3.145212864,0.035848809381658756,1072,2.808248503,-1.849850702,665,514
Encephalartos schmitzii,VU,3.145212864,0.015360525114864803,1073,2.808248503,-1.849850702,666,515
Juniperus angosturana,VU,2.704781699,0.04324907972801818,1088,2.695918697,-2.000711067,683,516
Prumnopitys exigua,NT,33.22044286,1.9634448755590694,59,4.22597039,-2.018295483,306,517
Nothotsuga longibracteata,NT,31.66343632,1.7853057969915867e-14,65,4.179403478,-2.066298331,316,518
Austrocedrus chilensis,NT,30.66926281,1.4282446375932695e-14,67,4.148493764,-2.098199976,324,519
Pseudotsuga macrocarpa,NT,26.97859871,3.213550434584856e-14,79,4.024587067,-2.226417007,350,520
Cephalotaxus nana,NT,26.7793941,0.6328717531010001,81,4.017441707,-2.233828203,354,521
Keteleeria fortunei,NT,26.07377789,6.427100869169712e-14,84,3.991712834,-2.260530787,357,522
Falcatifolium falciforme,NT,25.7922321,5.32220791534895,87,3.981259179,-2.271387553,361,523
Taxus brevifolia,NT,25.26296161,2.070898107711728,89,3.961306823,-2.292121563,369,524
Falcatifolium sleumeri,NT,23.25074728,4.779964416605797,100,3.881594613,-2.375123645,384,525
Amentotaxus argotaenia,NT,22.74703284,0.8983715561055317,105,3.86060477,-2.397026206,390,526
Araucaria subulata,NT,22.68161231,1.0711834781949522e-14,110,3.857846076,-2.399906352,391,527
Falcatifolium gruezoi,NT,22.17346743,4.373492180073739,114,3.83615516,-2.422564505,398,528
Agathis labillardierei,NT,22.02090734,1.3480688904399374,117,3.829549998,-2.429468582,401,529
Agathis atropurpurea,NT,21.87526238,0.9446878757091504,118,3.823203262,-2.436104491,404,530
Agathis microstachya,NT,21.87526238,0.9648950545939061,119,3.823203262,-2.436104491,405,531
Platycladus orientalis,NT,21.15809866,3.927672753381491e-14,130,3.791350238,-2.46943817,415,532
Dacrycarpus steupii,NT,21.08133439,6.707415348722048,133,3.787879834,-2.473072895,417,533
Agathis silbae,NT,20.95474836,1.1912733703153104,136,3.782130623,-2.479095645,420,534
Araucaria laubenfelsii,NT,20.41630035,3.5706115939831735e-14,141,3.757299511,-2.505127299,427,535
Tsuga canadensis,NT,19.63965474,3.5706115939831735e-14,147,3.720361393,-2.543910195,435,536
Dioon edule,NT,17.88119745,2.1423669563899043e-14,163,3.631313764,-2.637711179,451,537
Tsuga caroliniana,NT,17.67403657,1.7853057969915867e-14,166,3.620281321,-2.649364216,454,538
Gnetum buchholzianum,NT,17.05709798,4.873399368686431,168,3.586686028,-2.684894497,461,539
Tsuga sieboldii,NT,16.65289247,2.1423669563899043e-14,171,3.56404683,-2.708876995,466,540
Chamaecyparis lawsoniana,NT,16.05780461,7.141223187966347e-15,181,3.529755028,-2.745265918,480,541
Chamaecyparis obtusa,NT,16.05780461,7.141223187966347e-15,182,3.529755028,-2.745265918,481,542
Gnetum africanum,NT,13.97659042,2.865566231051243,198,3.399635524,-2.884077101,513,543
Cycas petrae,NT,13.50831937,2.1760919213940384,204,3.367869415,-2.918155173,520,544
Picea linzhiensis,NT,13.21264081,7.174675193936073,209,3.347278947,-2.940286909,525,545
Libocedrus plumosa,NT,12.83574203,3.570611593983174e-15,214,3.320402427,-2.969227292,530,546
Callitris neocaledonica,NT,12.59479353,0.7256315952851374,218,3.302834071,-2.988177401,533,547
Thuja standishii,NT,12.03126205,0.0,230,3.260498424,-3.033952485,539,548
Abies bracteata,NT,11.67799322,0.7697466930302714,238,3.233014854,-3.063754769,543,549
Podocarpus madagascariensis,NT,11.62159124,1.2949950446900744,240,3.228556118,-3.068596236,544,550
Podocarpus atjehensis,NT,11.59172199,1.4756537337065863,241,3.226186794,-3.071169696,547,551
Podocarpus nubigenus,NT,11.59172199,1.493465518935759,242,3.226186794,-3.071169696,548,552
Podocarpus parlatorei,NT,11.24719148,1.4248332658652831,247,3.198443824,-3.101342467,551,553
Gnetum oblongum,NT,11.18726419,4.045425827086762,251,3.193538668,-3.106684912,552,554
Pinus peuce,NT,10.93406116,0.37613799088582855,258,3.172543775,-3.129578124,559,555
Cycas arenicola,NT,10.36613047,1.5994165904059905,272,3.123785102,-3.182917112,572,556
Podocarpus gnidioides,NT,10.25449693,1.1269202870637824,280,3.113914956,-3.193744584,578,557
Dacrydium gracile,NT,10.18358441,0.9141999197572813,283,3.107594206,-3.200683866,579,558
Zamia obliqua,NT,10.17509323,1.8965090601202161,284,3.106834664,-3.201518024,580,559
Dacrydium spathoides,NT,10.15022812,4.131300424259845,285,3.104607137,-3.203964738,581,560
Libocedrus bidwillii,NT,10.01441153,3.570611593983174e-15,290,3.092351735,-3.217435709,582,561
Pinus gerardiana,NT,9.870634179,0.355941369030575,302,3.079212222,-3.231896813,586,562
Nageia fleuryi,NT,9.780400712,0.4126106644256834,305,3.070876917,-3.241080462,587,563
Picea meyeri,NT,9.743763512,0.44621591848942027,310,3.067472628,-3.244833477,588,564
Pinus balfouriana,NT,9.579086435,0.2691575576266052,316,3.052026255,-3.261878692,591,565
Dacrydium lycopodioides,NT,9.441238026,0.6851453618901798,325,3.038910341,-3.276373799,593,566
Actinostrobus acuminatus,NT,9.386011909,0.3838500676416996,326,3.033607073,-3.282240432,594,567
Cycas chevalieri,NT,9.270697467,1.1739363998243433,331,3.022442115,-3.294602302,597,568
Nageia nagi,NT,9.132291712,0.33508975413580616,336,3.008874703,-3.309644246,598,569
Cycas conferta,NT,9.086324758,1.1524094223020818,341,3.004327703,-3.314690408,601,570
Cycas dolichophylla,NT,8.912904203,1.1303643779973673,352,2.986984544,-3.333960781,604,571
Calocedrus macrolepis,NT,8.821463206,1.4282446375932695e-14,356,2.977717294,-3.344273165,606,572
Zamia chigua,NT,8.773889339,1.2405381368823933,358,2.972861657,-3.349680728,608,573
Zamia pseudoparasitica,NT,8.717464078,2.1202673958627662,359,2.967071868,-3.356132539,610,574
Podocarpus rumphii,NT,8.536567204,0.856543117231017,371,2.948280769,-3.377101958,618,575
Gnetum diminutum,NT,8.50981751,0.5426443674555047,374,2.945471868,-3.38024042,620,576
Dacrydium magnum,NT,8.454097351,0.5556759082179209,375,2.93959541,-3.3868097,621,577
Cycas balansae,NT,8.444359052,0.8738604859666025,377,2.938564818,-3.387962267,622,578
Cycas tanqingii,NT,8.243831588,1.0116467587156786,385,2.917103654,-3.411995683,626,579
Widdringtonia schwarzii,NT,8.210819453,1.606775217292428e-14,388,2.913526001,-3.416008188,628,580
Libocedrus austrocaledonicus,NT,8.069375026,1.0711834781949522e-14,398,2.898050537,-3.433384883,630,581
Callitris roei,NT,7.924835663,0.15203509571443946,404,2.881985095,-3.451459335,635,582
Cycas simplicipinna,NT,7.909523005,0.7796830689119221,407,2.880267886,-3.453393441,636,583
Pinus monticola,NT,7.889812702,0.18950242155999739,408,2.878053161,-3.455888522,637,584
Afrocarpus dawei,NT,7.821185916,1.2497140578941108e-14,416,2.870303499,-3.464624723,639,585
Cycas tropophylla,NT,7.756747469,0.7976823077365099,419,2.862971723,-3.472897812,643,586
Callitris baileyi,NT,7.695020663,0.2645096688493273,424,2.855897705,-3.480887465,645,587
Callitris drummondii,NT,7.695020663,0.26867152465983796,425,2.855897705,-3.480887465,646,588
Cycas brachycantha,NT,7.599766943,0.6986103034573488,431,2.844882284,-3.493343336,650,589
Cycas sexseminifera,NT,7.578632106,0.6491543362956681,434,2.842421653,-3.496128195,651,590
Podocarpus micropedunculatus,NT,7.576680034,4.656883640547525,435,2.842194077,-3.496385804,652,591
Podocarpus acuminatus,NT,7.574638983,4.606527978387972,436,2.841956072,-3.496655227,653,592
Cycas rumphii,NT,7.565910658,0.7363820637922576,439,2.84093763,-3.4978082,654,593
Podocarpus orarius,NT,7.445302639,3.9774978256931393,455,2.826757567,-3.513877603,655,594
Gnetum neglectum,NT,7.439839091,0.3500744976520049,457,2.826110424,-3.514611697,656,595
Encephalartos caffer,NT,7.368996628,0.24732143413928273,460,2.817681181,-3.524179364,658,596
Encephalartos longifolius,NT,7.368996628,0.4783289610934479,461,2.817681181,-3.524179364,659,597
Podocarpus brevifolius,NT,7.291339534,0.654871274115711,469,2.808358721,-3.534773639,664,598
Podocarpus glomeratus,NT,7.172448473,0.5693478637036943,482,2.793915735,-3.551213833,670,599
Cycas scratchleyana,NT,6.967284041,2.210188896499652,499,2.768490843,-3.580235433,672,600
Cycas badensis,NT,6.966494703,2.1748239584517925,500,2.768391765,-3.580348732,673,601
Zamia poeppigiana,NT,6.952794345,0.9177768913451837,503,2.766670537,-3.582317275,674,602
Cycas papuana,NT,6.857089297,2.1975758425600747,517,2.7545634,-3.596177867,675,603
Cycas ferruginea,NT,6.811802732,0.4982435361344843,523,2.748782941,-3.602804114,676,604
Podocarpus lambertii,NT,6.764676973,0.45876080951386544,532,2.742732036,-3.609746407,677,605
Cycas edentata,NT,6.677812022,0.6046776949921334,546,2.731481794,-3.622670526,679,606
Gnetum luofuense,NT,6.606936416,0.20056873280785523,552,2.722207698,-3.633340849,680,607
Cycas campestris,NT,6.537041995,2.2167783693836682,566,2.712976977,-3.643976149,681,608
Cycas brunnea,NT,6.367174678,2.0020102814538,575,2.690181459,-3.670305082,685,609
Zamia muricata,NT,6.340999932,0.7165934382293083,582,2.686622244,-3.674424444,686,610
Zamia lecointei,NT,6.334306997,0.7342773549511122,583,2.685710109,-3.675480503,687,611
Zamia integrifolia,NT,6.333269863,0.8308808760882285,584,2.68556869,-3.675644249,688,612
Juniperus taxifolia,NT,6.292141548,0.5720567932037514,594,2.679944449,-3.682159436,689,613
Podocarpus salomoniensis,NT,6.218513232,0.48402181411699435,607,2.669796189,-3.69393007,693,614
Pinus latteri,NT,6.162000556,0.14083054767203995,615,2.66193653,-3.703059427,695,615
Macrozamia serpentina,NT,6.067086268,0.17724074333699683,621,2.648595449,-3.71858245,696,616
Macrozamia fawcettii,NT,6.011685519,0.1881736857355108,628,2.640725298,-3.727755756,698,617
Macrozamia stenomera,NT,6.011685519,0.16140312829780068,629,2.640725298,-3.727755756,699,618
Encephalartos lehmannii,NT,5.945131791,0.1290216603207394,643,2.631188133,-3.73888822,701,619
Picea alcoquiana,NT,5.857312252,0.14126480857132065,654,2.618462746,-3.75377008,703,620
Zamia pumila,NT,5.85253247,0.6150091271321618,655,2.617765468,-3.754586449,704,621
Macrozamia longispina,NT,5.822630434,0.19917294023741505,659,2.613392272,-3.759708794,705,622
Zamia sandovalii,NT,5.742950883,1.9856508620615,668,2.601644826,-3.773487749,709,623
Zamia manicata,NT,5.652420028,0.6430097678533061,678,2.588127883,-3.789377141,711,624
Cycas bougainvilleana,NT,5.650908128,0.380956035472173,680,2.587900587,-3.789644655,712,625
Zamia ulei,NT,5.620198294,1.7715338473210036,686,2.583272504,-3.795093971,714,626
Picea purpurea,NT,5.60222413,0.15517191439914998,690,2.580553762,-3.798297233,715,627
Macrozamia moorei,NT,5.566185183,0.00211954769147193,700,2.575080203,-3.804750985,717,628
Zamia roezlii,NT,5.503012214,1.8303104061326518,715,2.565412668,-3.8161653,719,629
Zamia amazonum,NT,5.480202662,2.0044904097059817,719,2.561898965,-3.820318835,720,630
Podocarpus trinitensis,NT,5.467427353,0.19450218288501922,723,2.559925583,-3.822652731,721,631
Cycas apoa,NT,5.456323217,0.38886491303372944,727,2.558207175,-3.824685758,722,632
Abies spectabilis,NT,5.455990349,0.1374205941977218,728,2.558155617,-3.824746766,723,633
Cupressus cashmeriana,NT,5.433692482,0.0,734,2.554695812,-3.828842,726,634
Abies homolepis,NT,5.364230349,0.08619717454027821,745,2.543840486,-3.84170801,727,635
Zamia boliviana,NT,5.246006844,0.49887792360788796,754,2.525089535,-3.863993732,728,636
Abies cilicica,NT,5.085918605,0.10232232662010611,771,2.499124858,-3.894985255,731,637
Podocarpus teysmannii,NT,4.98947122,0.24908281177970046,792,2.483150312,-3.914130982,733,638
Juniperus turbinata,NT,4.954607236,1.592107398362539,796,2.477312426,-3.921143019,734,639
Zamia tuerckheimii,NT,4.880914622,0.40447330714325735,808,2.464859478,-3.936128293,735,640
Pinus jaliscana,NT,4.821477212,0.014759866609606698,818,2.454701227,-3.948380561,736,641
Cycas couttsiana,NT,4.735299876,0.2566163866802298,835,2.439787219,-3.966415861,737,642
Encephalartos mackenziei,NT,4.732472185,1.3517995470874282,837,2.439294064,-3.967013191,738,643
Abies holophylla,NT,4.688994494,0.08602791365268649,848,2.431680698,-3.976242752,739,644
Abies vejarii,NT,4.654529094,0.06336584757216819,853,2.425604014,-3.983620174,745,645
Cycas schumanniana,NT,4.645803717,0.200474561887161,855,2.424059745,-3.985496532,746,646
Zamia paucijuga,NT,4.554819848,0.3285662133387861,872,2.407813173,-4.005274938,747,647
Pinus henryi,NT,4.548742834,0.06095158793470565,874,2.406718566,-4.006610023,748,648
Encephalartos ituriensis,NT,4.499252784,0.05071585860533751,882,2.397759406,-4.017549583,752,649
Encephalartos natalensis,NT,4.492113615,0.10329393026878204,885,2.396460356,-4.019137589,756,650
Cycas yorkiana,NT,4.465257274,0.11424289379114372,887,2.391558378,-4.025134085,759,651
Zamia fairchildiana,NT,4.437769345,0.35011059918622056,900,2.38651611,-4.031309067,761,652
Zamia pseudomonticola,NT,4.437769345,0.381078790190595,901,2.38651611,-4.031309067,762,653
Encephalartos hildebrandtii,NT,4.435488111,0.051371517779148286,902,2.386096506,-4.031823249,763,654
Encephalartos septentrionalis,NT,4.381425413,0.02048860823023427,904,2.376100466,-4.04408681,769,655
Podocarpus deflexus,NT,4.285984814,0.17640957269889485,921,2.358206124,-4.066110564,775,656
Pinus durangensis,NT,4.170304413,0.07651321673384141,937,2.336078748,-4.093471884,781,657
Pinus morrisonicola,NT,4.139960404,0.028099880621114466,938,2.330192556,-4.100774694,783,658
Ephedra funerea,NT,4.131891677,0.0627235664106338,940,2.32862152,-4.102725583,784,659
Pinus fenzeliana,NT,4.128815932,0.03152727440479855,941,2.328022001,-4.103470251,785,660
Encephalartos lanatus,NT,4.104859875,0.12587978567933375,946,2.323340183,-4.109289311,786,661
Pinus dalatensis,NT,4.073698432,0.03307098107429552,948,2.317217206,-4.116909625,789,662
Juniperus blancoi,NT,3.988116204,0.23171970914618806,961,2.300205505,-4.138141928,799,663
Encephalartos laurentianus,NT,3.610369139,0.09205725249574115,1017,2.221455108,-4.237650896,814,664
Abies kawakamii,NT,3.584171591,0.026202842733508463,1019,2.215756592,-4.244933547,815,665
Zamia loddigesii,NT,3.582827322,0.1544975568884702,1022,2.215463307,-4.245308674,816,666
Encephalartos ferox,NT,3.496615364,0.08880724306999889,1035,2.196472153,-4.269665456,820,667
Podocarpus affinis,NT,3.389254732,0.08209561075423284,1041,2.172306628,-4.300850864,827,668
Encephalartos friderici-guilielmi,NT,3.385170375,0.07035701964182792,1043,2.17137566,-4.30205668,828,669
Pinus lumholtzii,NT,3.332530585,0.052022899570788844,1045,2.159298983,-4.317728967,830,670
Juniperus pingii,NT,3.31930101,0.09005732205890965,1046,2.156240766,-4.321706696,831,671
Pinus coulteri,NT,3.225717329,0.031100743568323003,1059,2.134336209,-4.350305565,842,672
Encephalartos bubalinus,NT,3.186404364,0.027407730376748096,1068,2.124989399,-4.362567795,844,673
Pinus praetermissa,NT,3.015711668,0.012805116748356929,1085,2.083361765,-4.417625073,861,674
Welwitschia mirabilis,LC,116.3112796,1.4282446375932695e-14,4,4.764830911,-5.147217511,135,675
Manoao colensoi,LC,109.3352744,1.5710691013525964e-13,7,4.703523679,-5.209068479,153,676
Lagarostrobos franklinii,LC,78.9871865,1.4282446375932695e-14,10,4.381866453,-5.534201909,271,677
Microcachrys tetragona,LC,78.9871865,1.4282446375932695e-14,11,4.381866453,-5.534201909,272,678
Sundacarpus amarus,LC,68.33647402,9.62243553104701,14,4.238971088,-5.679043902,301,679
Prumnopitys taxifolia,LC,62.16039342,5.546565513714003,19,4.145677418,-5.773769517,325,680
Halocarpus bidwillii,LC,61.65987592,0.0,20,4.137721305,-5.781854142,329,681
Araucaria bidwillii,LC,61.53325096,5.712978550373078e-14,22,4.135698431,-5.783909858,330,682
Halocarpus biformis,LC,58.67596442,1.214007941954279e-13,25,4.088929333,-5.831457374,336,683
Prumnopitys ferruginea,LC,56.12681652,5.738969912760098,28,4.045273648,-5.875873841,346,684
Prumnopitys ferruginoides,LC,56.12681652,6.7612190819030795,29,4.045273648,-5.875873841,347,685
Araucaria cunninghamii,LC,54.8433495,7.855345506762982e-14,30,4.022550441,-5.899006622,351,686
Lepidothamnus intermedius,LC,52.34397753,1.1425957100746156e-13,31,3.976761085,-5.945650664,362,687
Cunninghamia lanceolata,LC,52.12485703,6.427100869169712e-14,33,3.972644936,-5.949845615,365,688
Lepidothamnus fonkii,LC,50.60510353,5.712978550373078e-14,38,3.943620573,-5.979435121,373,689
Lepidothamnus laxifolius,LC,50.60510353,5.712978550373078e-14,39,3.943620573,-5.979435121,374,690
Bowenia serrulata,LC,40.93746758,5.712978550373078e-14,49,3.736179642,-6.191441831,432,691
Bowenia spectabilis,LC,40.93746758,5.712978550373078e-14,50,3.736179642,-6.191441831,433,692
Dacrycarpus cumingii,LC,35.920294319999996,4.299103860582707,51,3.608761381,-6.322185115,455,693
Phyllocladus trichomanoides,LC,35.2418102,6.427100869169712e-14,52,3.59021343,-6.341254385,459,694
Taxodium distichum,LC,35.16556136,5.712978550373078e-14,54,3.588107322,-6.343420319,460,695
Cedrus deodara,LC,34.12337907,4.998856231576443e-14,55,3.558866979,-6.3735048,469,696
Phyllocladus aspleniifolius,LC,33.6265132,5.712978550373078e-14,56,3.544619666,-6.388172713,471,697
Picea sitchensis,LC,33.61366916,4.976262705679242,57,3.544248666,-6.388554748,472,698
Phyllocladus hypophyllus,LC,33.1067827,7.855345506762982e-14,60,3.529496271,-6.403749376,482,699
Phyllocladus toatoa,LC,33.1067827,7.855345506762982e-14,61,3.529496271,-6.403749376,483,700
Papuacedrus papuana,LC,33.0591119,2.856489275186539e-14,62,3.5280976,-6.405190324,484,701
Keteleeria davidiana,LC,30.14235639,4.2847339127798087e-14,69,3.438568834,-6.497556181,503,702
Dacrycarpus vieillardii,LC,28.5128112,2.3985441774908316,72,3.384824447,-6.55313405,514,703
Pseudotsuga menziesii,LC,28.33430271,3.927672753381491e-14,73,3.378757572,-6.559414372,517,704
Cephalotaxus fortunei,LC,28.31999594,0.86238902425003,75,3.378269739,-6.559919427,518,705
Falcatifolium papuanum,LC,27.38153924,5.780976347662023,76,3.345738907,-6.593618517,526,706
Dacrycarpus dacrydioides,LC,27.04840591,2.748998555521389,77,3.3339318,-6.60585948,527,707
Cephalotaxus harringtonii,LC,26.7793941,0.8050839572792312,82,3.324294526,-6.615854838,529,708
Lepidozamia hopei,LC,26.03645569,5.712978550373078e-14,85,3.297186166,-6.643989855,534,709
Lepidozamia peroffskyana,LC,26.03645569,5.712978550373078e-14,86,3.297186166,-6.643989855,535,710
Falcatifolium taxoides,LC,24.98031117,5.497492007578668,91,3.257338988,-6.685399591,541,711
Thujopsis dolabrata,LC,24.64679449,6.427100869169712e-14,94,3.244418593,-6.698840701,542,712
Picea wilsonii,LC,23.00744136,2.905317122773797,101,3.178363839,-6.767669852,554,713
Chamaecyparis thyoides,LC,22.98077127,4.2847339127798087e-14,102,3.177252312,-6.768829718,556,714
Microbiota decussata,LC,22.69729729,2.856489275186539e-14,106,3.165361003,-6.781241697,561,715
Tetraclinis articulata,LC,22.69729729,2.856489275186539e-14,107,3.165361003,-6.781241697,562,716
Torreya nucifera,LC,22.62351037,1.4282446375932695e-14,111,3.162242418,-6.784497905,563,717
Agathis robusta,LC,21.63498838,0.6994991288798607,125,3.119496868,-6.829175716,574,718
Torreya grandis,LC,21.6257192,3.5706115939831735e-14,127,3.119087277,-6.829604242,575,719
Tsuga heterophylla,LC,19.75685038,4.998856231576443e-14,145,3.032876331,-6.919987267,595,720
Tsuga mertensiana,LC,19.75685038,4.998856231576443e-14,146,3.032876331,-6.919987267,596,721
Taxus baccata,LC,19.24049461,0.8257670415515411,149,3.007685281,-6.9464704,599,722
Taxus canadensis,LC,19.08412611,0.6841271745150462,150,2.999929757,-6.954630657,602,723
Taxus cuspidata,LC,19.08412611,1.0652104654038732,151,2.999929757,-6.954630657,603,724
Larix griffithii,LC,18.80317061,1.0824333750487267,153,2.985842057,-6.969462047,605,725
Dioon mejiae,LC,18.54585692,2.856489275186539e-14,155,2.972763342,-6.983241135,609,726
Larix lyallii,LC,18.34122445,0.7785116450220939,156,2.9622388,-6.994336324,612,727
Larix sibirica,LC,18.34122445,0.6021447326773709,157,2.9622388,-6.994336324,613,728
Retrophyllum vitiense,LC,18.30695853,1.4282446375932695e-14,158,2.960465577,-6.996206317,614,729
Araucaria columnaris,LC,18.29490197,1.4282446375932695e-14,160,2.959840914,-6.996865112,615,730
Larix potaninii,LC,18.02331161,0.9636227915370392,162,2.945665154,-7.011821543,619,731
Dacrydium cupressinum,LC,17.81419326,4.11638339451341,164,2.934611546,-7.023492039,623,732
Larix gmelinii,LC,17.54460028,1.0304982635772186,167,2.920178657,-7.038741326,625,733
Larix kaempferi,LC,16.99601245,0.5778551112513296,169,2.890150203,-7.070508798,633,734
Larix laricina,LC,16.99601245,0.7812900955289562,170,2.890150203,-7.070508798,634,735
Tsuga diversifolia,LC,16.65289247,2.1423669563899043e-14,172,2.870899649,-7.090903629,638,736
Podocarpus smithii,LC,16.61423398,2.9689472109149078,173,2.868707324,-7.093227756,640,737
Chamaecyparis pisifera,LC,16.52089327,2.1423669563899043e-14,176,2.86339407,-7.098861714,642,738
Picea crassifolia,LC,16.47811426,1.442845800246171,178,2.860949485,-7.101454461,644,739
Diselma archeri,LC,16.26120512,1.7853057969915867e-14,180,2.848461505,-7.114705336,648,740
Picea abies,LC,15.63323226,0.8177430190494842,184,2.811402638,-7.154088631,661,741
Dacrycarpus compactus,LC,15.59811811,0.4929057570768729,185,2.809289322,-7.15633728,662,742
Dacrycarpus expansus,LC,15.59811811,0.7573087361376639,186,2.809289322,-7.15633728,663,743
Dacrycarpus imbricatus,LC,15.56131644,0.6026771170600514,187,2.807069641,-7.158699433,667,744
Larix decidua,LC,15.36124378,0.8039762068488232,189,2.794915354,-7.171639853,668,745
Larix occidentalis,LC,15.36124378,0.6523393628283314,190,2.794915354,-7.171639853,669,746
Retrophyllum comptonii,LC,14.99820603,2.1423669563899043e-14,195,2.772476593,-7.195556957,671,747
Pinus heldreichii,LC,14.4378735,0.8526628305660133,196,2.736823808,-7.233632694,678,748
Cycas angulata,LC,13.99931204,2.446855431623979,197,2.708004336,-7.264479364,682,749
Cycas canalis,LC,13.80541548,2.4507284986067255,201,2.694993025,-7.278426611,684,750
Gnetum raya,LC,13.57985096,2.031442688342912,203,2.679640504,-7.294900405,690,751
Dacrycarpus cinctus,LC,13.50007644,0.4433240265565044,205,2.674153921,-7.300792205,691,752
Dacrycarpus kinabaluensis,LC,13.50007644,0.38465406222388554,206,2.674153921,-7.300792205,692,753
Gnetum venosum,LC,13.34755997,4.818454024421623,208,2.663579891,-7.312153958,694,754
Gnetum gnemonoides,LC,13.09310771,1.9369045047447015,210,2.645685863,-7.33140159,697,755
Picea obovata,LC,12.89032026,0.7154669320818072,212,2.631192213,-7.34701089,700,756
Callitris macleayana,LC,12.85469053,0.9964297974223278,213,2.628623842,-7.349778786,702,757
Dacrydium gibbsiae,LC,12.62983052,1.2858914432452098,217,2.612260811,-7.367426035,706,758
Podocarpus acutifolius,LC,12.58633447,1.6066423798447558,219,2.609064469,-7.370875893,707,759
Calocedrus decurrens,LC,12.56723254,1.9638363766907455e-14,220,2.607657513,-7.372394718,708,760
Gnetum pendulum,LC,12.47294453,4.557554496313702,222,2.600683566,-7.379925692,710,761
Thuja occidentalis,LC,12.30011339,1.7853057969915867e-14,225,2.587772561,-7.393879072,713,762
Nageia wallichiana,LC,12.13965677,1.1039008930614302,227,2.575634892,-7.40701004,716,763
Thuja plicata,LC,12.12970355,1.606775217292428e-14,228,2.57487711,-7.407830269,718,764
Podocarpus laetus,LC,11.87610985,1.5587926535752197,235,2.555373645,-7.428958746,724,765
Podocarpus totara,LC,11.87610985,1.4165252754494926,236,2.555373645,-7.428958746,725,766
Tsuga chinensis,LC,11.39531297,1.9638363766907455e-14,244,2.517318415,-7.470285425,729,767
Gnetum formosum,LC,11.33169566,4.051084388611173,245,2.512172831,-7.475883828,730,768
Gnetum bosavicum,LC,11.03655303,4.112021083947235,254,2.487948106,-7.502274786,732,769
Dacrydium ericoides,LC,10.35273501,4.177771058129912,273,2.429458685,-7.566236816,740,770
Picea engelmannii,LC,10.34313713,0.5884099992952856,274,2.428612903,-7.567164332,741,771
Picea laxa,LC,10.34313713,0.5632675153677104,275,2.428612903,-7.567164332,742,772
Tsuga dumosa,LC,10.31579197,2.856489275186539e-14,278,2.42619927,-7.56981163,743,773
Dacrydium beccarii,LC,10.31245166,1.002899983227292,279,2.425904036,-7.570135488,744,774
Dacrydium elatum,LC,10.00749019,0.862175679897472,292,2.398575967,-7.600153721,749,775
Ephedra ochreata,LC,10.00453026,2.56486514959635,293,2.39830703,-7.600449536,750,776
Cycas orientis,LC,10.00292426,1.3373979829658846,294,2.398161079,-7.600610076,751,777
Pinus hwangshanensis,LC,9.996620623,0.5266569874677105,295,2.39758801,-7.601240454,753,778
Podocarpus nivalis,LC,9.989429546,1.08801376746694,296,2.39693386,-7.601960064,754,779
Podocarpus lawrencei,LC,9.985360113,0.9289604068675814,297,2.396563488,-7.602367521,755,780
Ephedra frustillata,LC,9.961340362,2.3153702468572983,298,2.39437457,-7.604775915,757,781
Podocarpus drouynianus,LC,9.953215622,1.1328712624573472,299,2.393633077,-7.605591875,758,782
Pinus densiflora,LC,9.895586223,0.5102187228828122,301,2.388357774,-7.611398731,760,783
Pinus aristata,LC,9.852340435,0.3842033853968874,303,2.384380765,-7.615778518,764,784
Pinus sylvestris,LC,9.850667416,0.15512451457545318,304,2.384226591,-7.615948342,765,785
Gnetum costatum,LC,9.769955108,0.9832619431391177,306,2.376760323,-7.624175681,766,786
Gnetum gnemon,LC,9.769955108,0.9908616878356256,307,2.376760323,-7.624175681,767,787
Pinus canariensis,LC,9.762984704,0.3828140993716037,308,2.376112905,-7.624889389,768,788
Dacrydium araucarioides,LC,9.752411506,0.6742514242875689,309,2.375130056,-7.625972964,770,789
Dacrydium nidulum,LC,9.698187026,0.7581212961817141,311,2.37007429,-7.631548589,771,790
Cycas revoluta,LC,9.669192727,1.2633138384895493,313,2.367360404,-7.634542729,772,791
Podocarpus dispermus,LC,9.634805306,1.1956115309317037,315,2.364132142,-7.638105458,773,792
Pinus longaeva,LC,9.579086435,0.45912474691793204,317,2.358879074,-7.643905327,774,793
Podocarpus elongatus,LC,9.536971572,0.821462265588342,318,2.354890175,-7.648311563,776,794
Dacrydium balansae,LC,9.526954731,0.667764514378249,320,2.353939085,-7.649362431,777,795
Dacrydium novoguineense,LC,9.504492924,3.9189669503140814,321,2.351803063,-7.651722926,778,796
Afrocarpus gracilior,LC,9.491466166,0.0,322,2.350562181,-7.653094456,779,797
Cupressus nootkatensis,LC,9.449238527,1.0711834781949522e-14,323,2.346529108,-7.657553393,780,798
Pinus banksiana,LC,9.305798805,0.17119545568443092,329,2.332706728,-7.672849819,782,799
Pinus pinea,LC,9.186003954,0.2336356935614629,332,2.321014617,-7.685806536,787,800
Pinus bungeana,LC,9.171411679,0.19503194032709326,334,2.319581009,-7.687396333,788,801
Pinus strobus,LC,9.118918264,0.04787248931897459,337,2.314406767,-7.693136367,790,802
Picea pungens,LC,9.110659608,0.40207759558643935,338,2.313590274,-7.694042439,791,803
Picea jezoensis,LC,9.096098512,0.2996308578853315,339,2.312149063,-7.695641966,792,804
Picea koraiensis,LC,9.096098512,0.29325780535495366,340,2.312149063,-7.695641966,793,805
Podocarpus latifolius,LC,9.051893546,0.8409219791917814,342,2.307761029,-7.700513585,794,806
Podocarpus milanjianus,LC,9.051893546,0.8493253197360897,343,2.307761029,-7.700513585,795,807
Podocarpus celatus,LC,9.020965171,0.7148847374608797,346,2.304679415,-7.703936221,796,808
Podocarpus oleifolius,LC,9.020965171,0.7148847374608797,347,2.304679415,-7.703936221,797,809
Dacrydium cornwallianum,LC,9.013013803,3.801375397754715,348,2.303885627,-7.704818042,798,810
Pinus pinaster,LC,8.922969954,0.2967215809563039,351,2.294852267,-7.714858707,800,811
Podocarpus steyermarkii,LC,8.898763224,5.252748659660776,353,2.292409822,-7.717575249,801,812
Afrocarpus falcatus,LC,8.845570916,7.141223187966347e-15,354,2.287021701,-7.72357068,802,813
Widdringtonia nodiflora,LC,8.808429953,1.7853057969915867e-14,357,2.283242215,-7.72777834,803,814
Callitris columellaris,LC,8.712503663,0.25104537369448904,360,2.273414093,-7.738728356,804,815
Pinus massoniana,LC,8.675498056,0.05520357079428721,362,2.269596716,-7.742984816,805,816
Gnetum leyboldii,LC,8.635990061,0.48630688200088834,363,2.265505053,-7.747549191,806,817
Pinus taiwanensis,LC,8.616795691,0.36265023776559346,364,2.263511121,-7.749774267,807,818
Gnetum camporum,LC,8.588490632,0.5387821106635181,367,2.260563487,-7.753064544,808,819
Podocarpus neriifolius,LC,8.536567204,0.9637890538776849,372,2.255133589,-7.759128592,809,820
Picea schrenkiana,LC,8.53608682,0.3361975924086052,373,2.255083215,-7.759184868,810,821
Dacrydium xanthandrum,LC,8.454097351,0.5556759082179209,376,2.24644823,-7.768836335,811,822
Podocarpus brassii,LC,8.340786245,0.7770922386548809,381,2.234390429,-7.782330067,812,823
Podocarpus grayae,LC,8.268686828,0.6970962142894255,382,2.226641711,-7.791011844,813,824
Podocarpus levis,LC,8.157479204,4.8305458395056355,393,2.214570945,-7.804552352,817,825
Pinus roxburghii,LC,8.084864577,0.23165154063919385,396,2.206609796,-7.81349381,818,826
Podocarpus roraimae,LC,8.040528906,4.711130503797312,399,2.20171768,-7.818992687,819,827
Callitris canescens,LC,7.978054718,0.27430845423560973,402,2.194783235,-7.82679294,821,828
Podocarpus spinulosus,LC,7.912903973,0.5765262583695873,405,2.187500111,-7.834992711,822,829
Pinus nigra,LC,7.823527916,0.22688672638355425,413,2.177421781,-7.84635196,823,830
Pinus resinosa,LC,7.823527916,0.2830173662698215,414,2.177421781,-7.84635196,824,831
Podocarpus tepuiensis,LC,7.820069757,5.232759807746262,417,2.177029779,-7.846794078,825,832
Juniperus drupacea,LC,7.779279639,1.3121208650306693,418,2.172394359,-7.85202381,826,833
Abies alba,LC,7.751645172,0.44724869688373253,420,2.169241702,-7.855582451,829,834
Gnetum schwackeanum,LC,7.573846727,0.3419935466878552,437,2.148716492,-7.87878646,832,835
Gnetum nodiflorum,LC,7.573349296,0.3764338985858739,438,2.148658473,-7.87885214,833,836
Gnetum cuspidatum,LC,7.550501379,0.36453877618388103,440,2.145989922,-7.881873584,834,837
Actinostrobus arenarius,LC,7.546640909,0.2894863305177752,441,2.14553833,-7.882385001,835,838
Actinostrobus pyramidalis,LC,7.546640909,0.29950698742509485,442,2.14553833,-7.882385001,836,839
Podocarpus elatus,LC,7.536027327,0.5389020770492994,445,2.144295715,-7.883792389,837,840
Gnetum paniculatum,LC,7.530514889,0.35267488158385274,447,2.143649722,-7.884524135,838,841
Gnetum urens,LC,7.522687068,0.3093659304104052,448,2.142731675,-7.885564156,839,842
Callitris muelleri,LC,7.515740302,0.20226806300328434,449,2.141916251,-7.886488024,840,843
Pinus contorta,LC,7.477211472,0.2313342639008423,451,2.13738156,-7.891627628,841,844
Picea glehnii,LC,7.450773858,0.3198919277925693,454,2.134258018,-7.895169652,843,845
Abies cephalonica,LC,7.361054105,0.27422638532220517,463,2.123584508,-7.907284409,845,846
Podocarpus aracensis,LC,7.308698952,5.156626066366663,466,2.117303032,-7.914422277,846,847
Cycas clivicola,LC,7.277600124,0.6222163364468485,472,2.113553086,-7.918686398,847,848
Juniperus oxycedrus,LC,7.237988894,0.8789412707878829,478,2.108756248,-7.924144162,848,849
Gnetum macrostachyum,LC,7.22804481,0.3014172792457385,479,2.107548418,-7.92551898,849,850
Pinus cembroides,LC,7.199793755,0.2584859916280532,480,2.104109002,-7.929435172,850,851
Pinus edulis,LC,7.199793755,0.23710736821936226,481,2.104109002,-7.929435172,851,852
Gnetum latifolium,LC,7.159438585,0.28252664005584194,483,2.099175366,-7.935055985,852,853
Podocarpus borneensis,LC,7.155368319,4.202532850063881,484,2.0986764,-7.935624664,853,854
Juniperus recurva,LC,7.148960029,1.0589540675656748,486,2.097890315,-7.936520657,854,855
Gnetum tenuifolium,LC,7.123168405,0.2262760599643231,488,2.094720276,-7.940134925,855,856
Gnetum edule,LC,7.118981239,0.2570060197142762,489,2.094204683,-7.940722922,856,857
Gnetum klossii,LC,7.110065601,0.3262858883043513,490,2.093105957,-7.941976082,857,858
Gnetum microcarpum,LC,7.110065601,0.3162894652313285,491,2.093105957,-7.941976082,858,859
Pinus brutia,LC,7.053785954,0.1901364581455675,492,2.086142286,-7.949923065,859,860
Pinus halepensis,LC,7.053785954,0.16136320311118618,493,2.086142286,-7.949923065,860,861
Abies mariesii,LC,7.021265689,0.3091640268708243,495,2.082096226,-7.954544053,862,862
Cycas thouarsii,LC,6.9894891,0.692599470120802,498,2.078126815,-7.959080089,863,863
Pinus mugo,LC,6.959530416,0.21463740338139936,501,2.074370005,-7.963375549,864,864
Pinus uncinata,LC,6.959530416,0.24643402565546027,502,2.074370005,-7.963375549,865,865
Cycas lane-poolei,LC,6.88432332,2.256941346617203,508,2.064876398,-7.974240708,866,866
Cycas arnhemica,LC,6.868143468,2.3483715015246993,511,2.062822135,-7.97659372,867,867
Juniperus virginiana,LC,6.799460978,0.8011249457390869,524,2.054054626,-7.986644211,868,868
Callitris endlicheri,LC,6.790979968,0.16463155271183608,525,2.05296665,-7.987892296,869,869
Callitris rhomboidea,LC,6.790979968,0.2577677075827935,526,2.05296665,-7.987892296,870,870
Pinus maximinoi,LC,6.771902464,0.33935352851508227,529,2.050514982,-7.990705491,871,871
Abies procera,LC,6.763130689,0.25015415783728634,533,2.049385692,-7.99200165,872,872
Gnetum parvifolium,LC,6.739317662,0.16781613538904067,536,2.046313526,-7.99552887,873,873
Cycas pruinosa,LC,6.729494822,2.2386133054924633,540,2.045043508,-7.996987475,874,874
Podocarpus sylvestris,LC,6.698358623,0.5978232345048095,544,2.04100714,-8.001625038,875,875
Gnetum hainanense,LC,6.613716115,0.15210401433633747,551,2.029951373,-8.014341861,876,876
Cycas calcicola,LC,6.591360552,0.6417001401452885,553,2.027010831,-8.017727768,877,877
Pinus pinceana,LC,6.570463922,0.15041894249386434,555,2.02425435,-8.02090311,878,878
Pinus clausa,LC,6.561735972,0.24238354199820542,557,2.02310079,-8.022232355,879,879
Pinus virginiana,LC,6.561735972,0.23478041050108026,558,2.02310079,-8.022232355,880,880
Macrozamia mountperriensis,LC,6.547102518,0.17642788984864727,562,2.021163717,-8.024464964,881,881
Gnetum montanum,LC,6.542634535,0.15004089810496235,563,2.020571529,-8.025147634,882,882
Gnetum leptostachyum,LC,6.539835866,0.19805926656747433,564,2.020200413,-8.025575484,883,883
Pinus ayacahuite,LC,6.447296931,0.15476562847285164,570,2.007851138,-8.03982659,884,884
Podocarpus lucienii,LC,6.345207623,0.2912337736851148,581,1.994048076,-8.05578773,885,885
Callitris preissii,LC,6.331849552,0.16036051635461357,585,1.99222781,-8.057895171,886,886
Callitris verrucosa,LC,6.331849552,0.10578693549986665,586,1.99222781,-8.057895171,887,887
Pinus flexilis,LC,6.329086931,0.068053504861203,587,1.991850942,-8.058331571,888,888
Pinus strobiformis,LC,6.329086931,0.068053504861203,588,1.991850942,-8.058331571,889,889
Pinus echinata,LC,6.324726029,0.16246074457823204,589,1.991255752,-8.059020834,890,890
Pinus kesiya,LC,6.322912834,0.05131592836995794,590,1.991008177,-8.059307559,891,891
Picea spinulosa,LC,6.311731736,0.15484873655391168,592,1.989480145,-8.061077471,892,892
Juniperus communis,LC,6.295764782,0.6585695303242846,593,1.987294013,-8.063610402,893,893
Podocarpus bracteatus,LC,6.254956576,0.4987957627724319,599,1.981684901,-8.070113351,894,894
Podocarpus pseudobracteatus,LC,6.254956576,0.5949008763284259,600,1.981684901,-8.070113351,895,895
Pinus luchuensis,LC,6.253101334,0.15906526104899887,601,1.981429148,-8.070409998,896,896
Pinus tabuliformis,LC,6.253101334,0.32367065587488386,602,1.981429148,-8.070409998,897,897
Pinus remota,LC,6.226872838,0.07989292965325977,604,1.977806417,-8.074613298,898,898
Abies densa,LC,6.222324183,0.310890669354043,605,1.97717681,-8.075344053,899,899
Cupressus sempervirens,LC,6.181261815,8.03387608646214e-15,610,1.971475108,-8.081965125,900,900
Picea mariana,LC,6.175175192,0.10291523281127371,611,1.970627178,-8.082950299,901,901
Picea rubens,LC,6.175175192,0.10582148626261899,612,1.970627178,-8.082950299,902,902
Pinus rigida,LC,6.120185837,0.10776167144105218,619,1.962933826,-8.091895091,903,903
Macrozamia johnsonii,LC,6.067086268,0.2412120407271665,622,1.955448269,-8.100609084,904,904
Pinus parviflora,LC,6.066330435,0.15566259621848136,623,1.955341312,-8.100733671,905,905
Juniperus phoenicea,LC,6.028440367,0.5632051137273599,627,1.949964827,-8.106999221,906,906
Macrozamia miquelii,LC,5.988727268,0.031369901068363,632,1.944298461,-8.113608639,907,907
Macrozamia riedlei,LC,5.988727268,0.28763462367922826,633,1.944298461,-8.113608639,908,908
Cycas media,LC,5.979703123,0.45229647796262784,634,1.943006383,-8.115116631,909,909
Macrozamia douglasii,LC,5.970388805,0.0021533871544867607,635,1.941671006,-8.116675501,910,910
Macrozamia heteromera,LC,5.875432347,0.24535524719471652,651,1.927954528,-8.132707904,911,911
Podocarpus rubens,LC,5.860598898,0.31275058306257675,653,1.925794741,-8.135235753,912,912
Abies amabilis,LC,5.851522689,0.189245048384363,656,1.924470918,-8.136785636,913,913
Abies magnifica,LC,5.851522689,0.21755421880656026,657,1.924470918,-8.136785636,914,914
Juniperus procera,LC,5.821976564,0.5426002835518675,660,1.920149249,-8.141847733,915,915
Cycas maconochiei,LC,5.821636698,0.349320184716464,661,1.920099428,-8.141906111,916,916
Cycas xipholepis,LC,5.821636698,0.3712178113370926,662,1.920099428,-8.141906111,917,917
Podocarpus novae-caledoniae,LC,5.802558697,0.4813148572773455,665,1.91729882,-8.145188578,918,918
Macrozamia concinna,LC,5.732098802,0.13397190904815584,670,1.906886953,-8.157405806,919,919
Pinus herrerae,LC,5.725376012,0.17672137047612185,671,1.905887836,-8.158579326,920,920
Podocarpus macrophyllus,LC,5.654603873,0.40822668386216765,677,1.895308927,-8.171017494,921,921
Pinus densata,LC,5.631568834,0.16123223206980475,682,1.891841403,-8.175099493,922,922
Pinus yunnanensis,LC,5.631568834,0.16394372172913765,683,1.891841403,-8.175099493,923,923
Picea smithiana,LC,5.614544752,0.11953421042361798,688,1.889270975,-8.178127045,924,924
Podocarpus glaucus,LC,5.599265973,0.4153932876088188,693,1.886958427,-8.18085204,925,925
Pinus lambertiana,LC,5.579057006,0.10471941005829383,694,1.883891423,-8.184467786,926,926
Abies concolor,LC,5.577968272,0.036611215410258274,695,1.883725924,-8.184662951,927,927
Pinus elliottii,LC,5.557496087,0.09132778518329214,701,1.880608836,-8.18833989,928,928
Abies pindrow,LC,5.554688085,1.9685351188140188,703,1.880180532,-8.188845281,929,929
Podocarpus pilgeri,LC,5.539747704,0.4105869387090734,706,1.877898587,-8.191538594,930,930
Encephalartos turneri,LC,5.539616762,0.0699369277432025,707,1.877878565,-8.191562231,931,931
Macrozamia montana,LC,5.533150752,0.0084269255579022,708,1.876889331,-8.192730143,932,932
Macrozamia reducta,LC,5.533150752,0.13209121781102443,709,1.876889331,-8.192730143,933,933
Pinus ponderosa,LC,5.527183079,0.06155726512885876,711,1.875975469,-8.193809256,934,934
Ephedra boelckei,LC,5.481274957,0.36194750289612887,718,1.868917244,-8.202149822,935,935
Podocarpus magnifolius,LC,5.47906331,0.2382947531868133,720,1.868575949,-8.202553395,936,936
Podocarpus coriaceus,LC,5.467427353,0.21180069769570162,724,1.866778402,-8.204679366,937,937
Ephedra chilensis,LC,5.459933028,0.34533906964191224,726,1.865618951,-8.206051029,938,938
Pinus monophylla,LC,5.451857838,0.09128920510587363,729,1.864368126,-8.207531114,939,939
Pinus quadrifolia,LC,5.451857838,0.09128920510587363,730,1.864368126,-8.207531114,940,940
Macrozamia dyeri,LC,5.4481585,0.2638205555768924,732,1.863794586,-8.208209891,941,941
Cupressus torulosa,LC,5.433692482,0.0,735,1.861548632,-8.210868635,942,942
Juniperus excelsa,LC,5.427269506,0.4925433072261872,738,1.860549799,-8.212051398,943,943
Pinus taeda,LC,5.425296754,0.05341988643746495,739,1.860242817,-8.212414953,944,944
Ephedra breana,LC,5.421042753,0.3069738827212348,740,1.859580527,-8.213199366,945,945
Ephedra multiflora,LC,5.421042753,0.3550129024680815,741,1.859580527,-8.213199366,946,946
Podocarpus ledermannii,LC,5.335580532,0.23301437169767267,748,1.846181448,-8.229089858,947,947
Ephedra milleri,LC,5.244192197,0.2814605646625082,757,1.831651783,-8.246366336,948,948
Encephalartos transvenosus,LC,5.20973699,0.14104395667608638,761,1.826118542,-8.25295818,949,949
Juniperus formosana,LC,5.081523314,0.37685844948267455,772,1.80525521,-8.277876471,950,950
Juniperus rigida,LC,5.081523314,0.28308619706899185,773,1.80525521,-8.277876471,951,951
Abies grandis,LC,5.062316844,0.07094374883266016,778,1.802092045,-8.2816633,952,952
Podocarpus brasiliensis,LC,5.042140357,0.26843828356561866,780,1.798758313,-8.285656887,953,953
Podocarpus guatemalensis,LC,5.042140357,0.16528479558521056,781,1.798758313,-8.285656887,954,954
Macrozamia macdonnellii,LC,5.030395685,0.04649811029865072,783,1.796812628,-8.287988907,955,955
Juniperus foetidissima,LC,5.005849668,1.6249464430003848,786,1.792733939,-8.29288039,956,956
Podocarpus ekmanii,LC,4.9963253,0.2340741967115926,788,1.791146832,-8.29478485,957,957
Macrozamia fraseri,LC,4.990435847,0.14789113918459798,790,1.790164172,-8.295964302,958,958
Encephalartos tegulaneus,LC,4.939979911,0.17003732392623072,798,1.781705751,-8.306126288,959,959
Pinus oocarpa,LC,4.93983021,0.13560553740497983,800,1.781680549,-8.306156592,960,960
Pinus glabra,LC,4.917663595,0.12239995620412442,802,1.777941708,-8.310654014,961,961
Abies nordmanniana,LC,4.860391938,0.10467817890088106,811,1.768216485,-8.322368472,962,962
Ephedra strobilacea,LC,4.859538334,0.21190066369792152,812,1.768070818,-8.322544112,963,963
Ephedra kardangensis,LC,4.852020798,2.477668277640805,814,1.766787037,-8.324092275,964,964
Ephedra rupestris,LC,4.844858108,0.21016667475106748,815,1.765562319,-8.325569594,965,965
Abies durangensis,LC,4.830455844,0.08468323119534045,816,1.763095187,-8.328546712,966,966
Picea orientalis,LC,4.811896752,0.04858930515507521,821,1.759906981,-8.332396211,967,967
Ephedra triandra,LC,4.799879872,0.17447854887859146,824,1.757837206,-8.334896662,968,968
Pinus caribaea,LC,4.795517545,0.04334091677670823,825,1.757084782,-8.335805916,969,969
Ephedra viridis,LC,4.787938206,0.19325070338022488,826,1.755776132,-8.337387671,970,970
Juniperus pseudosabina,LC,4.759267958,0.36562820953780334,831,1.750810376,-8.343393686,971,971
Ephedra minuta,LC,4.747031867,0.17677425075712414,833,1.748683524,-8.345968,972,972
Ephedra dawuensis,LC,4.734653307,2.7300391833213316,836,1.746527297,-8.348579048,973,973
Encephalartos poggei,LC,4.719517438,0.1436360532148239,840,1.743884438,-8.351780996,974,974
Pinus cembra,LC,4.695062166,0.026037655043287217,845,1.739599513,-8.356976199,975,975
Cupressus macnabiana,LC,4.692392777,8.926528984957934e-16,847,1.739130683,-8.357544913,976,976
Cupressus arizonica,LC,4.666927777,8.926528984957934e-16,851,1.734647133,-8.362986561,977,977
Pinus leiophylla,LC,4.642246045,0.03594836172087986,856,1.730282221,-8.368289242,978,978
Pinus patula,LC,4.642246045,0.09846779113961134,857,1.730282221,-8.368289242,979,979
Ephedra fedtschenkoae,LC,4.611368173,0.12023749564311785,861,1.724794571,-8.374962956,980,980
Cupressus lusitanica,LC,4.580068277,0.0,864,1.719201012,-8.381773647,981,981
Juniperus arizonica,LC,4.572698302,1.5550967144709709,865,1.717879371,-8.383384084,982,982
Abies veitchii,LC,4.560055244,0.09467168070295813,871,1.715608044,-8.386152814,983,983
Juniperus occidentalis,LC,4.554641748,0.2920148761826653,873,1.714633929,-8.387340675,984,984
Pinus thunbergii,LC,4.548742834,0.06095158793470565,875,1.713571386,-8.388636658,985,985
Pinus armandii,LC,4.538778404,0.049619214384671935,876,1.711773972,-8.390829651,986,986
Pinus pumila,LC,4.538778404,0.03219157746542017,877,1.711773972,-8.390829651,987,987
Abies religiosa,LC,4.519230427,0.10185286023247571,878,1.708238435,-8.395145833,988,988
Ephedra dahurica,LC,4.503974324,2.4867245131408167,879,1.705470436,-8.398527362,989,989
Ephedra alata,LC,4.480527549,0.1314119470347525,886,1.701201364,-8.403746757,990,990
Juniperus chinensis,LC,4.454995176,0.22288880440753964,893,1.696531735,-8.409461574,991,991
Pinus pungens,LC,4.441456754,0.08449173776082725,895,1.694046811,-8.412505132,992,992
Pinus serotina,LC,4.441456754,0.08449173776082725,896,1.694046811,-8.412505132,993,993
Ephedra likiangensis,LC,4.382765134,0.09627023681167501,903,1.683202208,-8.425807718,994,994
Ephedra americana,LC,4.366888634,0.09695014192247965,905,1.680248343,-8.42943678,995,995
Ephedra rhytidosperma,LC,4.366888634,0.11887034572679249,906,1.680248343,-8.42943678,996,996
Macrozamia glaucophylla,LC,4.364679405,0.15153535568217918,907,1.679836618,-8.429942813,997,997
Ephedra altissima,LC,4.358603087,0.087350657614684,908,1.678703323,-8.431335939,998,998
Macrozamia macleayi,LC,4.346784905,0.15393281873134898,910,1.676495428,-8.434051083,999,999
Abies fargesii,LC,4.346723053,0.04825939638443285,911,1.67648386,-8.434065312,1000,1000
Cycas basaltica,LC,4.340613274,0.17502826885319525,912,1.675340492,-8.435471907,1001,1001
Cycas furfuracea,LC,4.340613274,0.1659858999452454,913,1.675340492,-8.435471907,1002,1002
Juniperus procumbens,LC,4.304378176,0.24306073491965802,916,1.66853255,-8.443854867,1003,1003
Juniperus thurifera,LC,4.304378176,0.2021761092983183,917,1.66853255,-8.443854867,1004,1004
Abies nephrolepis,LC,4.302377453,0.026445297226302057,918,1.668155296,-8.444319787,1005,1005
Ephedra californica,LC,4.298315887,0.11131421237688324,919,1.667389013,-8.445264261,1006,1006
Pinus sibirica,LC,4.282335766,0.031148041256866436,923,1.66436838,-8.448988952,1007,1007
Ephedra aphylla,LC,4.265964437,0.09118208161869205,924,1.661264308,-8.452819269,1008,1008
Pinus koraiensis,LC,4.264574404,0.07389420711266573,925,1.661000307,-8.453145165,1009,1009
Pinus wallichiana,LC,4.264574404,0.04394638933959015,926,1.661000307,-8.453145165,1010,1010
Ephedra laristanica,LC,4.24880377,0.09399317136619147,928,1.658000197,-8.456850075,1011,1011
Encephalartos villosus,LC,4.221867686,0.11508519461236962,931,1.652855132,-8.463209943,1012,1012
Ephedra sinica,LC,4.221087008,0.1155405468677277,932,1.652705619,-8.463394873,1013,1013
Ephedra pedunculata,LC,4.218374754,0.09607267426641014,933,1.652186004,-8.464037628,1014,1014
Pinus montezumae,LC,4.215417746,0.0816164481457154,934,1.65161919,-8.464738857,1015,1015
Abies forrestii,LC,4.182765051,0.05945313650129737,935,1.645338707,-8.472515029,1016,1016
Ephedra nevadensis,LC,4.172512432,0.0597736400340095,936,1.643358534,-8.474969196,1017,1017
Pinus bhutanica,LC,4.139960404,0.028099880621114466,939,1.637045376,-8.482801329,1018,1018
Ephedra fasciculata,LC,4.031973128,0.027526483076452717,952,1.615812179,-8.509231686,1019,1019
Pinus arizonica,LC,4.030600163,0.12680699406695445,953,1.615539294,-8.509572264,1020,1020
Abies chensiensis,LC,4.026621908,0.04610309383617426,954,1.61474817,-8.510559764,1021,1021
Ephedra foeminea,LC,4.020581028,0.05219152026327213,955,1.61354567,-8.512061126,1022,1022
Ephedra fragilis,LC,4.020581028,0.050010516434137994,956,1.61354567,-8.512061126,1023,1023
Ephedra intermedia,LC,4.013141209,0.05982991856076948,957,1.612062706,-8.513913274,1024,1024
Ephedra foliata,LC,4.000201,0.03695105091041459,959,1.609478112,-8.517142943,1025,1025
Ephedra regeliana,LC,3.995349921,0.042812223679670074,960,1.608507464,-8.518356387,1026,1026
Pinus attenuata,LC,3.976051095,0.021841827670365157,963,1.604636624,-8.523198413,1027,1027
Ephedra cutleri,LC,3.966416827,0.03771873762063714,964,1.60269862,-8.525624428,1028,1028
Ephedra pachyclada,LC,3.9573845,0.04503323482332463,965,1.600878283,-8.527904225,1029,1029
Ephedra somalensis,LC,3.9573845,0.04848791341507917,966,1.600878283,-8.527904225,1030,1030
Ephedra major,LC,3.950744921,0.03684927851346286,968,1.599538054,-8.529583404,1031,1031
Ephedra transitoria,LC,3.950744921,0.04207183900708767,969,1.599538054,-8.529583404,1032,1032
Ephedra przewalskii,LC,3.938473019,0.0397976364320686,972,1.597056178,-8.532694463,1033,1033
Pinus douglasiana,LC,3.929338163,0.0161379825948962,973,1.595204732,-8.535016547,1034,1034
Ephedra coryi,LC,3.927146792,0.03549574014492927,974,1.594760077,-8.535574397,1035,1035
Encephalartos cycadifolius,LC,3.924699175,0.11050144940362983,975,1.594263192,-8.536197848,1036,1036
Abies sibirica,LC,3.923332741,0.05062813547456228,976,1.593985688,-8.536546071,1037,1037
Ephedra sarcocarpa,LC,3.901660521,0.032219005798906665,977,1.58957403,-8.542085315,1038,1038
Ephedra compacta,LC,3.8990667,0.02711386047050166,979,1.589044718,-8.542750336,1039,1039
Ephedra distachya,LC,3.888528172,0.03931602229024669,981,1.586891271,-8.545456828,1040,1040
Juniperus indica,LC,3.879567303,0.17964451114352697,984,1.585056549,-8.547763925,1041,1041
Juniperus squamata,LC,3.879567303,0.14801386453562523,985,1.585056549,-8.547763925,1042,1042
Ephedra rituensis,LC,3.877767187,0.036440075872589954,986,1.584687572,-8.548228032,1043,1043
Juniperus horizontalis,LC,3.865207359,0.17663880744602733,987,1.582109337,-8.551472221,1044,1044
Ephedra lomatolepis,LC,3.864633187,0.022320750551698385,988,1.581991314,-8.551620781,1045,1045
Ephedra monosperma,LC,3.864633187,0.03656115737391458,989,1.581991314,-8.551620781,1046,1046
Pinus engelmannii,LC,3.793205329,0.01669436806817095,997,1.567199359,-8.570276158,1047,1047
Macrozamia lucida,LC,3.727225183,0.032989735058246025,1000,1.553338388,-8.587823514,1048,1048
Ephedra aspera,LC,3.727200879,0.016374991278036995,1001,1.553333247,-8.587830035,1049,1049
Ephedra trifurca,LC,3.727200879,0.02340337798193974,1002,1.553333247,-8.587830035,1050,1050
Abies sachalinensis,LC,3.704978591,0.03352931968685958,1005,1.548621223,-8.593810072,1051,1051
Pinus sabiniana,LC,3.694051746,0.03767906117323484,1007,1.546296121,-8.596763663,1052,1052
Ephedra antisyphilitica,LC,3.688413379,0.019655239483153227,1008,1.545094227,-8.598291166,1053,1053
Ephedra torreyana,LC,3.688413379,0.019299084715027243,1009,1.545094227,-8.598291166,1054,1054
Pinus devoniana,LC,3.667782329,0.0241045282289981,1010,1.540684083,-8.603900343,1055,1055
Juniperus scopulorum,LC,3.664251606,0.12427887732816265,1011,1.539927394,-8.604863438,1056,1056
Podocarpus salicifolius,LC,3.657480709,0.12646912294189908,1013,1.538474682,-8.606712973,1057,1057
Abies delavayi,LC,3.626612591,0.017570838245617972,1015,1.531824979,-8.61518851,1058,1058
Abies firma,LC,3.584171591,0.018052737293455648,1020,1.522609411,-8.626960182,1059,1059
Abies balsamea,LC,3.570223953,0.018903999999729585,1024,1.519562209,-8.630859227,1060,1060
Abies lasiocarpa,LC,3.570223953,0.018903999999729585,1025,1.519562209,-8.630859227,1061,1061
Juniperus sabina,LC,3.550563982,0.12429951786580694,1026,1.515251177,-8.636381093,1062,1062
Juniperus semiglobosa,LC,3.550563982,0.13531869118118353,1027,1.515251177,-8.636381093,1063,1063
Juniperus convallium,LC,3.522993955,0.14067187693710173,1028,1.509174154,-8.644176369,1064,1064
Juniperus komarovii,LC,3.522993955,0.12578458223387898,1029,1.509174154,-8.644176369,1065,1065
Juniperus ashei,LC,3.488821912,0.1049560675097504,1036,1.501590287,-8.653923434,1066,1066
Podocarpus insularis,LC,3.404667566,0.08154808295854575,1038,1.482664789,-8.678340249,1067,1067
Juniperus monosperma,LC,3.403227533,0.09765300109406592,1039,1.482337802,-8.678763297,1068,1068
Juniperus deppeana,LC,3.273007962,0.11563764477907632,1052,1.45231802,-8.717778124,1069,1069
Macrozamia communis,LC,3.256640738,0.016958561656429377,1053,1.44848029,-8.722791337,1070,1070
Macrozamia polymorpha,LC,3.256640738,0.030439087373179533,1054,1.44848029,-8.722791337,1071,1071
Pinus lawsonii,LC,3.245748385,0.012110173104681711,1055,1.445918102,-8.726141602,1072,1072
Pinus teocote,LC,3.245748385,0.012110173104681711,1056,1.445918102,-8.726141602,1073,1073
Juniperus flaccida,LC,3.245112663,0.10874889048938728,1057,1.44576836,-8.726337484,1074,1074
Juniperus monticola,LC,3.245112663,0.1040423407254421,1058,1.44576836,-8.726337484,1075,1075
Pinus jeffreyi,LC,3.225717329,0.031388990530482115,1060,1.441189028,-8.732332199,1076,1076
Macrozamia diplomera,LC,3.21536069,0.030692383600094072,1061,1.438735161,-8.735548011,1077,1077
Macrozamia fearnsidei,LC,3.21536069,0.017023978523633923,1062,1.438735161,-8.735548011,1078,1078
Pinus hartwegii,LC,3.206393829,0.017012758338320843,1063,1.436605708,-8.738340665,1079,1079
Pinus pseudostrobus,LC,3.206393829,0.017012758338320843,1064,1.436605708,-8.738340665,1080,1080
Pinus luzmariae,LC,3.186280335,0.04057735151053134,1069,1.431812591,-8.744633355,1081,1081
Juniperus przewalskii,LC,3.12191401,0.09198520100208643,1074,1.416317621,-8.765041274,1082,1082
Juniperus saltuaria,LC,3.12191401,0.09054124122679354,1075,1.416317621,-8.765041274,1083,1083
Juniperus coahuilensis,LC,3.096191033,0.07692881372749509,1076,1.410057526,-8.773314896,1084,1084
Pinus cubensis,LC,3.095051599,0.028412404573862536,1078,1.409779318,-8.773682975,1085,1085
Pinus pringlei,LC,3.090883668,0.012805116748356986,1079,1.408761002,-8.775030526,1086,1086
Juniperus californica,LC,3.022955229,0.08189396082762787,1080,1.392016764,-8.797252647,1087,1087
Juniperus osteosperma,LC,3.022955229,0.06917397952956746,1081,1.392016764,-8.797252647,1088,1088
Juniperus durangensis,LC,2.922131229,0.06953412926676407,1087,1.366635187,-8.83117433,1089,1089
Juniperus pinchotii,LC,2.683979699,0.04465380965849164,1090,1.303993608,-8.916186897,1090,1090
